pc_code,constituency,candidate,party,evm_votes,postal_votes,total_votes
1,"Saharanpur","IMRAN MASOOD","Indian National Congress",206908,160,207068
1,"Saharanpur","HAJI FAZLUR REHMAN","Bahujan Samaj Party",513268,871,514139
1,"Saharanpur","RAGHAV LAKHANPAL","Bharatiya Janata Party",489942,1780,491722
1,"Saharanpur","MOHD. UVAIS","Pragatishil Samajwadi Party (Lohia)",2437,1,2438
1,"Saharanpur","PAWAN KUMAR","Aapki Apni Party (Peoples)",726,1,727
1,"Saharanpur","BRAJPAL SINGH","Hindusthan Nirman Dal",1224,1,1225
1,"Saharanpur","YOGESH DAHIYA","Aam Aadmi Party",1444,5,1449
1,"Saharanpur","RAVINDER KUMAR","Inqalab Vikas Dal",718,0,718
1,"Saharanpur","AMAR BAHADUR","Independent",1090,1,1091
1,"Saharanpur","INDU DEVI","Independent",2197,2,2199
1,"Saharanpur","SHABNAM","Independent",4684,2,4686
1,"Saharanpur","NOTA","None of the Above",4277,7,4284
2,"Kairana","Tabassum Begum","Samajwadi Party",474339,462,474801
2,"Kairana","Pradeep Kumar","Bharatiya Janata Party",564380,2581,566961
2,"Kairana","Harendra Singh Malik","Indian National Congress",69245,110,69355
2,"Kairana","Manoj Kumar","Aapki Apni Party (Peoples)",908,5,913
2,"Kairana","Mukesh Devi","Mahasankalp Janta Party",932,2,934
2,"Kairana","Yogesh Kumar","Rashtriya Mazdoor Ekta Party",818,0,818
2,"Kairana","Rekha","Hindusthan Nirman Dal",615,0,615
2,"Kairana","Sheshraj","Bharatrashtra Democratic Party",472,0,472
2,"Kairana","Shripal Singh","Sarvjan Lok Shakti Party",1302,2,1304
2,"Kairana","Imran","Independent",523,1,524
2,"Kairana","Mohd Gufran Kazmi","Independent",539,1,540
2,"Kairana","Mohd Saleem","Independent",1138,0,1138
2,"Kairana","Harish Kumar","Independent",2128,2,2130
2,"Kairana","NOTA","None of the Above",3524,18,3542
3,"Muzaffarnagar","Ajit Singh","Rashtriya Lok Dal",565753,1501,567254
3,"Muzaffarnagar","Sanjeev Kumar Balyan","Bharatiya Janata Party",569535,4245,573780
3,"Muzaffarnagar","Krishan Pal Singh","Bharat Lok Sewak Party",2406,16,2422
3,"Muzaffarnagar","S.S.K.S. Gangwal","Bharatiya Bahujan Samta Party",1215,47,1262
3,"Muzaffarnagar","Jaipal Singh Saini","Jansatta Party",945,4,949
3,"Muzaffarnagar","Mangeram Kashyap","Majdoor Kisan Union Party",686,1,687
3,"Muzaffarnagar","Ashok","Independent",453,5,458
3,"Muzaffarnagar","Ankit","Independent",550,7,557
3,"Muzaffarnagar","Neel Kumar","Independent",4884,3,4887
3,"Muzaffarnagar","Yajpal Singh Rathi","Independent",2704,1,2705
3,"Muzaffarnagar","NOTA","None of the Above",5061,49,5110
4,"Bijnor","NASIMUDDIN SIDDIQUI","Indian National Congress",25699,134,25833
4,"Bijnor","RAJA BHARATENDRA SINGH","Bharatiya Janata Party",488061,3043,491104
4,"Bijnor","MALOOK NAGAR","Bahujan Samaj Party",559824,1221,561045
4,"Bijnor","ILAMSINGH","Pragatishil Samajwadi Party (Lohia)",3970,9,3979
4,"Bijnor","ANSH CHAITANYA MAHARAJ","Hindusthan Nirman Dal",1160,2,1162
4,"Bijnor","PARVEZ AKIL","All India Minorities Front",629,0,629
4,"Bijnor","BABLOO RAM","Bharatiya Sarvodaya Kranti Party",827,2,829
4,"Bijnor","MANGERAM","Peoples Party of India (Democratic)",842,1,843
4,"Bijnor","MUKESH KUMAR","All India Forward Bloc",2817,0,2817
4,"Bijnor","RAJIV CHOUDHARY","Bhartiya Kisan Party",1078,7,1085
4,"Bijnor","SONU","Jansatta Party",1535,0,1535
4,"Bijnor","MOHD. ZAHID","Independent",3237,1,3238
4,"Bijnor","MAHAK SINGH","Independent",2260,0,2260
4,"Bijnor","NOTA","None of the Above",4374,30,4404
5,"Nagina","OMVATI DEVI","Indian National Congress",19967,79,20046
5,"Nagina","GIRISH CHANDRA","Bahujan Samaj Party",567195,1183,568378
5,"Nagina","DR. YASHWANT SINGH","Bharatiya Janata Party",399348,2198,401546
5,"Nagina","AMICHAND","Rashtriya Samanta Dal",6154,2,6156
5,"Nagina","KAMESH KUMAR","Peoples Party of India (Democratic)",1751,1,1752
5,"Nagina","TEJ SINGH","Ambedkar Samaj Party",2165,4,2169
5,"Nagina","CHARAN SINGH","Independent",2877,4,2881
5,"Nagina","NOTA","None of the Above",6498,30,6528
6,"Moradabad","IMRAN PRATAPGARHI","Indian National Congress",59117,81,59198
6,"Moradabad","KUNWAR SARVESH KUMAR","Bharatiya Janata Party",549729,1809,551538
6,"Moradabad","Dr. S.T. HASAN","Samajwadi Party",648817,599,649416
6,"Moradabad","MOHD. ASLAM URF PASHA","Jan Shakti Dal",4593,1,4594
6,"Moradabad","Tej Singh Seny","Rashtriya Samanta Dal",761,1,762
6,"Moradabad","DILERAM","Bhartiya Harit Party",1886,0,1886
6,"Moradabad","NADIR ALI MANSOORI","Peace Party",1046,5,1051
6,"Moradabad","BHISHM JIT SINGH","Fauji Janta Party",560,4,564
6,"Moradabad","ROOPCHAND SINGH","Bharatiya Bahujan Samta Party",931,17,948
6,"Moradabad","AKEEL","Independent",890,0,890
6,"Moradabad","NARESH KUMAR SAINI","Independent",911,1,912
6,"Moradabad","PRINCE KUMAR SHARMA","Independent",2271,2,2273
6,"Moradabad","MUSARRAT HUSAIN","Independent",2417,0,2417
6,"Moradabad","NOTA","None of the Above",5740,17,5757
7,"Rampur","Jayaprada Nahata","Bharatiya Janata Party",448630,550,449180
7,"Rampur","Mohammad Azam Khan","Samajwadi Party",559018,159,559177
7,"Rampur","Sanjay Kapoor","Indian National Congress",34965,44,35009
7,"Rampur","Arshad Warsi","Minorities Democratic Party",1070,0,1070
7,"Rampur","Ishrat Khan","All India Minorities Front",499,0,499
7,"Rampur","Mohd. Khushi","United Democratic Front Secular",451,0,451
7,"Rampur","Saroj","Peoples Party of India (Democratic)",647,5,652
7,"Rampur","Javed Khan","Independent",1963,0,1963
7,"Rampur","Naim","Independent",1518,0,1518
7,"Rampur","Sameena Begum","Independent",2122,0,2122
7,"Rampur","Haneef Khan","Independent",2703,0,2703
7,"Rampur","NOTA","None of the Above",6575,2,6577
8,"Sambhal","MAJOR JAGAT PAL SINGH","Indian National Congress",12076,29,12105
8,"Sambhal","PARAMESHVAR LAL SAINI","Bharatiya Janata Party",482466,714,483180
8,"Sambhal","DR. SHAFIQUR REHMAN BARQ","Samajwadi Party",657505,501,658006
8,"Sambhal","ILYAS","Bhartiya Hind Fauj",4081,0,4081
8,"Sambhal","KARAN SINGH YADAV","Pragatishil Samajwadi Party (Lohia)",4195,3,4198
8,"Sambhal","BHOJRAJ","Swatantra Jantaraj Party",746,0,746
8,"Sambhal","RAM CHANDRA","Bharat Prabhat Party",645,0,645
8,"Sambhal","SHAHLA WAJID","Ambedkar Samaj Party",1044,4,1048
8,"Sambhal","HASAN RAZA","Rashtriya Ulama Council",1227,0,1227
8,"Sambhal","FIROZ KHAN","Independent",2733,1,2734
8,"Sambhal","MOHD. MASROOR","Independent",3628,0,3628
8,"Sambhal","VIRENDRA KUMAR PRAJAPATI","Independent",4637,4,4641
8,"Sambhal","NOTA","None of the Above",7226,4,7230
9,"Amroha","KANWAR SINGH TANWAR","Bharatiya Janata Party",536380,1454,537834
9,"Amroha","KUNWAR DANISH ALI","Bahujan Samaj Party",600744,338,601082
9,"Amroha","SACHIN CHOUDHARY","Indian National Congress",12454,56,12510
9,"Amroha","MATLOOB AHMAD","Pragatishil Samajwadi Party (Lohia)",946,8,954
9,"Amroha","RAJPAL SINGH SAINI","Jan Shakti Dal",1163,1,1164
9,"Amroha","AKHTAR","Independent",978,1,979
9,"Amroha","NARESH KUMAR","Independent",944,1,945
9,"Amroha","RAJPAL SINGH","Independent",1390,2,1392
9,"Amroha","(KUNWAR) ROBIN TYAGI","Independent",2055,1,2056
9,"Amroha","VIKAR AHMAD","Independent",3649,0,3649
9,"Amroha","NOTA","None of the Above",6605,12,6617
10,"Meerut","HAJI MOHAMMAD YAQOOB","Bahujan Samaj Party",580597,858,581455
10,"Meerut","RAJENDRA AGARWAL","Bharatiya Janata Party",582976,3208,586184
10,"Meerut","HARENDRA AGARWAL","Indian National Congress",34301,178,34479
10,"Meerut","AFZAL","Bahujan Maha Party",877,5,882
10,"Meerut","ARTI AGARWAL","Shivsena",946,11,957
10,"Meerut","KIRAN R. C. JATAV","Kartavya Rashtriya Party",500,12,512
10,"Meerut","DHARMENDRA","Bhartiya Janta Dal",479,10,489
10,"Meerut","NASIR ALI KHAN","Pragatishil Samajwadi Party (Lohia)",918,3,921
10,"Meerut","RAJESH GIRI","Sarvodaya Bharat Party",976,2,978
10,"Meerut","SHRAVAN KUMAR AGARWAL","Independent",1022,3,1025
10,"Meerut","SAHANSAR PAL SINGH","Independent",2213,2,2215
10,"Meerut","NOTA","None of the Above",6271,45,6316
11,"Baghpat","JAYANT CHAUDHARY","Rashtriya Lok Dal",500794,1493,502287
11,"Baghpat","Dr. SATYAPAL SINGH","Bharatiya Janata Party",519631,6158,525789
11,"Baghpat","ISTAKAR ALI","National Lokmat Party",1598,30,1628
11,"Baghpat","UTTAR KUMAR JINDAL","Bhartiya Naujawan Inklav Party",915,17,932
11,"Baghpat","DEVENDER","Aapki Apni Party (Peoples)",654,7,661
11,"Baghpat","PARVEEN YOGI","Bhartiya Nojawan Dal",1042,5,1047
11,"Baghpat","MANOJ RANA","Akhil Bhartiya Lok Dal",495,8,503
11,"Baghpat","CHAUDHARY MOHKAM","Pragatishil Samajwadi Party (Lohia)",685,22,707
11,"Baghpat","RAMKUMAR","Sarvjan Lok Shakti Party",1246,4,1250
11,"Baghpat","RUBY KASHYAP","Hindusthan Nirman Dal",609,24,633
11,"Baghpat","Dr. SALEEM AHMAD","Sabse Achchhi Party",550,6,556
11,"Baghpat","JAFAR","Independent",1396,4,1400
11,"Baghpat","SUBHASH","Independent",2450,10,2460
11,"Baghpat","NOTA","None of the Above",4996,45,5041
12,"Ghaziabad","Dolly Sharma","Indian National Congress",111730,214,111944
12,"Ghaziabad","Vijay Kumar Singh","Bharatiya Janata Party",942576,1927,944503
12,"Ghaziabad","Suresh Bansal","Samajwadi Party",442615,388,443003
12,"Ghaziabad","Ashok Sharma","Subhashwadi Bhartiya Samajwadi Party (Subhas Party)",2447,3,2450
12,"Ghaziabad","Divya Yog Maya Saraswati","Rashtriya Bharatiya Jan Jan Party",923,2,925
12,"Ghaziabad","Nagendra Kumar","Shivsena",713,1,714
12,"Ghaziabad","Mohan Lal","Republican Party of India (A)",1148,2,1150
12,"Ghaziabad","Rakesh Suri","Right to Recall Party",707,2,709
12,"Ghaziabad","Mohd. Salim Ahmed","Sabse Achchhi Party",801,3,804
12,"Ghaziabad","Sunil Nair","Rashtriya Lok Sarvadhikar  Party",3942,2,3944
12,"Ghaziabad","Sewa Ram Kasana","Pragatishil Samajwadi Party (Lohia)",4377,3,4380
12,"Ghaziabad","Amit Sharma","Independent",2435,0,2435
12,"Ghaziabad","NOTA","None of the Above",7478,17,7495
13,"Gautam Buddha Nagar","Dr. ARVIND KUMAR SINGH","Indian National Congress",41960,117,42077
13,"Gautam Buddha Nagar","Dr. MAHESH SHARMA","Bharatiya Janata Party",828164,2648,830812
13,"Gautam Buddha Nagar","SATVEER","Bahujan Samaj Party",493421,469,493890
13,"Gautam Buddha Nagar","JAGDEEP SINGH","Loktantrik Janshakti Party",2723,2,2725
13,"Gautam Buddha Nagar","JITENDRA SINGH","Pragatishil Samajwadi Party (Lohia)",1852,10,1862
13,"Gautam Buddha Nagar","DAYARAM","Aapki Apni Party (Peoples)",543,2,545
13,"Gautam Buddha Nagar","RAGHUVENDRA KUMAR","Subhashwadi Bhartiya Samajwadi Party (Subhas Party)",629,2,631
13,"Gautam Buddha Nagar","RAM PAL","Rashtriya Samaj Paksha",1291,3,1294
13,"Gautam Buddha Nagar","VINOD KUMAR NAGAR","Rashtriya Bharatiya Jan Jan Party",1360,6,1366
13,"Gautam Buddha Nagar","VINOD SHARMA","All Indian Rajiv Congress Party",1280,2,1282
13,"Gautam Buddha Nagar","SHERSINGH UPADHAYA","Rashtriya Janta Party",1260,4,1264
13,"Gautam Buddha Nagar","ASHOK KUMAR ADHANA","Independent",3929,10,3939
13,"Gautam Buddha Nagar","RODASH GUPTA","Independent",2892,2,2894
13,"Gautam Buddha Nagar","NOTA","None of the Above",8351,20,8371
14,"Bulandshahr","BANSHI SINGH","Indian National Congress",29288,177,29465
14,"Bulandshahr","BHOLA SINGH","Bharatiya Janata Party",677196,4125,681321
14,"Bulandshahr","YOGESH VERMA","Bahujan Samaj Party",390458,806,391264
14,"Bulandshahr","PRAMOD KUMAR","Rashtriya Samaj Paksha",3657,7,3664
14,"Bulandshahr","REENA DEVI","National Bhrashtachar Mukt Party",1434,19,1453
14,"Bulandshahr","VINAY KUMAR SINGH","Aapki Apni Party (Peoples)",916,1,917
14,"Bulandshahr","SATISH","Bharatiya Bahujan Parivartan  Party",1259,9,1268
14,"Bulandshahr","MANOJ KUMAR SINGH","Independent",3386,2,3388
14,"Bulandshahr","RADHIKA DEVI","Independent",5152,18,5170
14,"Bulandshahr","NOTA","None of the Above",5696,23,5719
15,"Aligarh","DR. AJEET BALIYAN","Bahujan Samaj Party",424890,2064,426954
15,"Aligarh","BIJENDRA SINGH CHAUDHARY","Indian National Congress",50346,534,50880
15,"Aligarh","SATISH KUMAR GAUTAM","Bharatiya Janata Party",651805,4410,656215
15,"Aligarh","AMAR SINGH MAHAUR","Swatantra Jantaraj Party",3678,3,3681
15,"Aligarh","DILEEP SHARMA","Peace Party",1044,1,1045
15,"Aligarh","DEEPAK CHAUDHARY","Pragatishil Samajwadi Party (Lohia)",4931,22,4953
15,"Aligarh","THAKUR MANOJ SINGH","Rashtravadi Party (Bharat)",1222,3,1225
15,"Aligarh","MOHD. SHAKEEL (ADV.)","Lok Dal",836,5,841
15,"Aligarh","SATISH CHANDRA SHARMA","Aam Aadmi Party",816,13,829
15,"Aligarh","SANJAY BALMIKI","Bhartiya Bhaichara Party",824,12,836
15,"Aligarh","ASHOK KUMAR PANDEY","Independent",796,1,797
15,"Aligarh","CHARAN SINGH","Independent",1173,2,1175
15,"Aligarh","LAXMI DHANGAR","Independent",5857,29,5886
15,"Aligarh","SHAHEEN","Independent",1596,3,1599
15,"Aligarh","NOTA","None of the Above",6216,52,6268
16,"Hathras","RAJVIR DILER","Bharatiya Janata Party",679799,4500,684299
16,"Hathras","RAMJI LAL SUMAN","Samajwadi Party",422588,1503,424091
16,"Hathras","TRILOKI RAM","Indian National Congress",23715,211,23926
16,"Hathras","BHUPENDRA KUMAR","Rashtriya Shoshit Samaj Party",1559,6,1565
16,"Hathras","RAJARAM","Lok Dal",2297,8,2305
16,"Hathras","TILAK SINGH","Independent",880,3,883
16,"Hathras","DINESH SAI","Independent",1392,2,1394
16,"Hathras","HARSWAROOP","Independent",3263,0,3263
16,"Hathras","NOTA","None of the Above",8542,26,8568
17,"Mathura","KUNWAR NARENDRA SINGH","Rashtriya Lok Dal",377319,503,377822
17,"Mathura","MAHESH PATHAK","Indian National Congress",27970,114,28084
17,"Mathura","HEMA MALINI","Bharatiya Janata Party",667342,3951,671293
17,"Mathura","OMPRAKASH","Swatantra Jantaraj Party",5090,5,5095
17,"Mathura","CHATTAR alias CHATRAPAL SINGH NISHAD","Bahujan Mukti Party",780,14,794
17,"Mathura","JAGVIR SINGH","Pragatishil Samajwadi Party (Lohia)",467,3,470
17,"Mathura","JASVANT SINGH BAGHEL","Rashtriya Shoshit Samaj Party",1240,5,1245
17,"Mathura","JASVEER SINGH","Rashtriya Naujawan Dal",1628,2,1630
17,"Mathura","DINESH GAUTAM","Bhartiya Anarakshit Party",2360,3,2363
17,"Mathura","RAMDEV GAUTAM","Bhartiya Lok Seva Dal",1260,1,1261
17,"Mathura","PRAMOD KRISHNA","Independent",1489,1,1490
17,"Mathura","PHAKKAD BABA","Independent",4084,2,4086
17,"Mathura","RAMDAS TYAGI","Independent",1295,3,1298
17,"Mathura","NOTA","None of the Above",5788,12,5800
18,"Agra","Preeta Harit","Indian National Congress",44877,272,45149
18,"Agra","Manoj Kumar Soni","Bahujan Samaj Party",434199,1130,435329
18,"Agra","Satyapal Singh Baghel","Bharatiya Janata Party",644459,2416,646875
18,"Agra","Chandra Pal","Adarsh Samaj Party",2798,4,2802
18,"Agra","Raja","Rashtriya Vyapari Party",1323,3,1326
18,"Agra","Ramji Lal Vidhyarthi","Peace Party",1462,6,1468
18,"Agra","Himanshi","Lok Gathbandhan Party",1405,3,1408
18,"Agra","Ambedkari Hasnuram Ambedkari","Independent",2767,1,2768
18,"Agra","Babu Lal","Independent",2379,2,2381
18,"Agra","NOTA","None of the Above",5786,31,5817
19,"Fatehpur Sikri","RAJKUMAR CHAHAR","Bharatiya Janata Party",662794,4353,667147
19,"Fatehpur Sikri","RAJ BABBAR","Indian National Congress",170889,1193,172082
19,"Fatehpur Sikri","SHREEBHAGWAN SHARMA","Bahujan Samaj Party",167517,526,168043
19,"Fatehpur Sikri","NAWAB GUL CHAMAN SHERWANI","VANCHITSAMAJ INSAAF PARTY",2198,1,2199
19,"Fatehpur Sikri","MANISHA SINGH","Pragatishil Samajwadi Party (Lohia)",1026,14,1040
19,"Fatehpur Sikri","VIJAY SINGH DHANGAR","Rashtriya Shoshit Samaj Party",1804,4,1808
19,"Fatehpur Sikri","SATYENDRA BAGHEL","Aam Janta Party (India)",959,6,965
19,"Fatehpur Sikri","SARVESH KUMAR","Bharatiya Majdoor Janta Party",820,2,822
19,"Fatehpur Sikri","SADAB NOOR","Adarsh Samaj Party",620,1,621
19,"Fatehpur Sikri","ANIL KUMAR KUSHWAHA","Independent",1442,1,1443
19,"Fatehpur Sikri","ARTI SHARMA","Independent",994,0,994
19,"Fatehpur Sikri","PASTAR THOMSAN MASSY","Independent",1103,0,1103
19,"Fatehpur Sikri","NARESH KUMAR","Independent",1580,1,1581
19,"Fatehpur Sikri","PURUSHOTTAM DAS (FAUZI BHAI)","Independent",3415,14,3429
19,"Fatehpur Sikri","RAM BAHORI","Independent",3179,3,3182
19,"Fatehpur Sikri","NOTA","None of the Above",10664,28,10692
20,"Firozabad","Akshay Yadav","Samajwadi Party",465686,1352,467038
20,"Firozabad","Dr. Chandra Sen Jadon","Bharatiya Janata Party",494050,1769,495819
20,"Firozabad","Upendra Singh Rajput","Bharatiya Kisan Parivartan Party",9486,17,9503
20,"Firozabad","Shivpal Singh Yadav","Pragatishil Samajwadi Party (Lohia)",91651,218,91869
20,"Firozabad","Chaudhary Basheer","Independent",2539,6,2545
20,"Firozabad","Rajveer","Independent",2409,7,2416
20,"Firozabad","NOTA","None of the Above",6659,17,6676
21,"Mainpuri","PREM SINGH SHAKYA","Bharatiya Janata Party",428559,1978,430537
21,"Mainpuri","MULAYAM SINGH YADAV","Samajwadi Party",523145,1781,524926
21,"Mainpuri","OMBEER LODHI","Jan Seva Sahayak Party",2574,6,2580
21,"Mainpuri","KULDEEP KUMAR","Bhartiya Kisan Party",1173,22,1195
21,"Mainpuri","CHAKRAPAN","Jan Adesh Akshuni Sena",1809,3,1812
21,"Mainpuri","TEJ PRATAP SINGH JATAV","Moulik Adhikar Party",1728,2,1730
21,"Mainpuri","RAJAT KUMAR","Bhartiya Jan Nayak Party",619,4,623
21,"Mainpuri","RAVINDRA SINGH KATAR","Bhartiya Navodaya Party",617,2,619
21,"Mainpuri","SHYAM SINGH","Swatantra Jantaraj Party",1051,2,1053
21,"Mainpuri","HARIRAM SHAKYA","Voters Party  International",1119,2,1121
21,"Mainpuri","RAVINDRA SINGH YADAV","Independent",977,3,980
21,"Mainpuri","SAVENDRA SINGH","Independent",2628,3,2631
21,"Mainpuri","NOTA","None of the Above",6698,13,6711
22,"Etah","Ku. Devendra Singh Yadav","Samajwadi Party",422054,624,422678
22,"Etah","Rajveer Singh (Raju Bhaiya)","Bharatiya Janata Party",544267,1081,545348
22,"Etah","Atar Singh","Rashtriya Shoshit Samaj Party",5104,6,5110
22,"Etah","Anuj Kumar","Subhashwadi Bhartiya Samajwadi Party (Subhas Party)",834,4,838
22,"Etah","Anand Prakash Singh Rajput","Rashtriya Backward Party",582,2,584
22,"Etah","Naresh Chandra","Bhartiya Shakti Chetna Party",480,2,482
22,"Etah","Bharat Singh","Rashtriya Kranti Party",665,1,666
22,"Etah","Rashmi Yadav","Pragatishil Samajwadi Party (Lohia)",1459,11,1470
22,"Etah","Suraj Singh","Jan Adhikar Party",5121,5,5126
22,"Etah","Ashok Kumar","Independent",540,2,542
22,"Etah","Indrapal","Independent",711,1,712
22,"Etah","Parvati Nandan","Independent",1858,0,1858
22,"Etah","Satendra Kumar Panda","Independent",1577,0,1577
22,"Etah","Hari Om","Independent",6337,2,6339
22,"Etah","NOTA","None of the Above",6264,13,6277
23,"Badaun","Dharmendra Yadav","Samajwadi Party",491959,939,492898
23,"Badaun","Saleem Iqbal Shervani","Indian National Congress",51896,51,51947
23,"Badaun","Dr. Sanghmitra Maurya","Bharatiya Janata Party",510343,1009,511352
23,"Badaun","Kailash Kumar Mishra","All India Forward Bloc",4346,1,4347
23,"Badaun","Mahesh Shrivastav","Kalyankari Jantantrik Party",1333,3,1336
23,"Badaun","Atul Kumar","Independent",1680,1,1681
23,"Badaun","Kirpa Shankar Shakya","Independent",2218,1,2219
23,"Badaun","Swami Paglanand","Independent",4085,0,4085
23,"Badaun","Hari Singh","Independent",2636,1,2637
23,"Badaun","NOTA","None of the Above",8602,4,8606
24,"Aonla","DHARMENDRA KASHYAP","Bharatiya Janata Party",536377,1298,537675
24,"Aonla","RUCHIVIRA","Bahujan Samaj Party",423100,832,423932
24,"Aonla","KUNWAR SARVARAJ SINGH","Indian National Congress",62407,141,62548
24,"Aonla","MO. ATEEQ","National Fifty Fifty Front",1308,0,1308
24,"Aonla","IRSHAD ANSARI ADVOCATE","VANCHITSAMAJ INSAAF PARTY",909,3,912
24,"Aonla","RISHIPAL","Jan Shakti Ekta Party",1555,2,1557
24,"Aonla","DINESH KUMAR","Hindusthan Nirman Dal",1056,0,1056
24,"Aonla","DHARMENDRA KUMAR","Shivsena",1376,2,1378
24,"Aonla","PRAMOD KUMAR YADAV","Bhartiya Krishak Dal",941,2,943
24,"Aonla","PRITI KASHYAP","Rashtriya Mazdoor Ekta Party",1736,3,1739
24,"Aonla","RAMPHAL SHAKYA","Bahujan Mukti Party",1659,1,1660
24,"Aonla","SUNIL KUMAR","Pragatishil Samajwadi Party (Lohia)",2109,8,2117
24,"Aonla","LAKSHMI","Independent",3097,0,3097
24,"Aonla","HEMENDRA PAL SINGH","Independent",3675,0,3675
24,"Aonla","NOTA","None of the Above",9188,10,9198
25,"Bareilly","PRAVEEN SINGH ARON","Indian National Congress",74003,203,74206
25,"Bareilly","BHAGWAT SARAN GANGWAR","Samajwadi Party",397403,585,397988
25,"Bareilly","SATISH KUMAR","Communist Party of India",7515,4,7519
25,"Bareilly","SANTOSH KUMAR GANGWAR","Bharatiya Janata Party",563533,1737,565270
25,"Bareilly","JAGPAL SINGH YADAV","Akhand Samaj Party",2653,2,2655
25,"Bareilly","MANOJ VIKAT","Bahujan Nyay Dal",681,0,681
25,"Bareilly","YATENDRA SINGH","Bahujan Samyak Party (Mission)",498,3,501
25,"Bareilly","RAHEESH MIYA","VANCHITSAMAJ INSAAF PARTY",644,1,645
25,"Bareilly","RABIYA AKHTAR","Khusro Sena Party",687,0,687
25,"Bareilly","LAEEK AHMAD MANSOORI","Naitik Party",851,0,851
25,"Bareilly","SAMAN TAHIR","Pragatishil Samajwadi Party (Lohia)",2482,6,2488
25,"Bareilly","USHA AGARWAL","Independent",1071,1,1072
25,"Bareilly","ZAVED KHAN","Independent",2789,0,2789
25,"Bareilly","NITIN MOHAN","Independent",1192,1,1193
25,"Bareilly","RAKESH AGARWAL ADVOCATE","Independent",1985,1,1986
25,"Bareilly","SYED RASHID ALI CHAMAN","Independent",3984,3,3987
25,"Bareilly","NOTA","None of the Above",3797,27,3824
26,"Pilibhit","Feroze Varun Gandhi","Bharatiya Janata Party",702755,1794,704549
26,"Pilibhit","Hemraj Verma","Samajwadi Party",447140,1782,448922
26,"Pilibhit","Anita Tripathi","Shivsena",3961,13,3974
26,"Pilibhit","Dr. Bharat","Janata Dal  (United)",1606,18,1624
26,"Pilibhit","Dr. Sita Ram Rajput","Sabka Dal United",1097,1,1098
26,"Pilibhit","Sanjay Kumar Bharti","Naitik Party",689,7,696
26,"Pilibhit","Md. Hanif","Pragatishil Samajwadi Party (Lohia)",1275,1,1276
26,"Pilibhit","Urvashi Singh","Independent",861,3,864
26,"Pilibhit","Kaif Raza Khan","Independent",924,2,926
26,"Pilibhit","Jafri Begum","Independent",1627,6,1633
26,"Pilibhit","Munesh Singh","Independent",2128,1,2129
26,"Pilibhit","Varun Gandhi","Independent",4471,12,4483
26,"Pilibhit","Surendra Kumar Gupta","Independent",4440,2,4442
26,"Pilibhit","NOTA","None of the Above",9916,57,9973
27,"Shahjahanpur","Amar Chandra Jauhar","Bahujan Samaj Party",417337,3235,420572
27,"Shahjahanpur","Arun Kumar Sagar","Bharatiya Janata Party",686352,2638,688990
27,"Shahjahanpur","Brahm Swaroop Sagar","Indian National Congress",35055,228,35283
27,"Shahjahanpur","Manish Chandra Kori","Communist Party of India",9462,2,9464
27,"Shahjahanpur","Kishan Lal","Sanyukt Vikas Party",2249,1,2250
27,"Shahjahanpur","Kuwar Pal Singh Gautam","Jan Seva Sahayak Party",1150,1,1151
27,"Shahjahanpur","Dharmvir Balmiki","Bhartiya Bhaichara Party",1155,4,1159
27,"Shahjahanpur","Narveer Fauji","Pragatishil Samajwadi Party (Lohia)",2094,10,2104
27,"Shahjahanpur","Manohar Lal Saroj","Netaji Subhash Chander Bose Rashtriya Azad Party",2340,2,2342
27,"Shahjahanpur","Ramesh Chandra Verma","Manav Kranti Party",1343,1,1344
27,"Shahjahanpur","Sohan Pal alias Sonpal","Bhartiya Krishak Dal",1711,1,1712
27,"Shahjahanpur","Arun Kumar","Independent",2836,1,2837
27,"Shahjahanpur","Vineet","Independent",2604,0,2604
27,"Shahjahanpur","Shyamacharan","Independent",5308,0,5308
27,"Shahjahanpur","NOTA","None of the Above",8978,59,9037
28,"Kheri","Ajay Kumar","Bharatiya Janata Party",609285,304,609589
28,"Kheri","Zafar Ali Naqvi","Indian National Congress",92127,28,92155
28,"Kheri","Dr. Purvi Verma","Samajwadi Party",390665,117,390782
28,"Kheri","Vipnesh Shukla","Communist Party of India",11857,0,11857
28,"Kheri","Asif Khan","Bhartiya Kisan Party",1626,0,1626
28,"Kheri","Krishna Kumar Yadav","Lok Jan Sangharsh Party",968,0,968
28,"Kheri","Bandana Gupta","Bhartiya Shakti Chetna Party",1016,1,1017
28,"Kheri","Mahesh Chandra Verma Advocate","Hindusthan Nirman Dal",1002,0,1002
28,"Kheri","Moh. Mumtaz Raza","Rashtriya Janwadi Party (Socialist)",1059,1,1060
28,"Kheri","Ram Jeevan","Bahujan Awam Party",1077,1,1078
28,"Kheri","Shrikrishna Verma","Peace Party",1989,2,1991
28,"Kheri","Ajay Kumar Dixit","Independent",1654,0,1654
28,"Kheri","Krishna Kumar","Independent",2496,0,2496
28,"Kheri","Paro Kinner","Independent",5315,0,5315
28,"Kheri","Manoj Kumar Singh","Independent",5320,0,5320
28,"Kheri","NOTA","None of the Above",8747,3,8750
29,"Dhaurahra","ARSHAD ILIYAS SIDDIQUI","Bahujan Samaj Party",352093,201,352294
29,"Dhaurahra","KUNWAR JITIN PRASADA","Indian National Congress",162727,129,162856
29,"Dhaurahra","REKHA VERMA","Bharatiya Janata Party",512582,323,512905
29,"Dhaurahra","ANIL KUMAR ' RAJVANSHI'","Bahujan Awam Party",9287,1,9288
29,"Dhaurahra","BALJEET KAUR","Hindusthan Nirman Dal",3165,1,3166
29,"Dhaurahra","MALKHAN SINGH RAJPOOT","Pragatishil Samajwadi Party (Lohia)",4288,0,4288
29,"Dhaurahra","MUKESH KUMAR","Shivsena",3556,0,3556
29,"Dhaurahra","REETU VERMA 'DIDI'","Independent",4688,1,4689
29,"Dhaurahra","NOTA","None of the Above",10792,6,10798
30,"Sitapur","Qaiser Jahan","Indian National Congress",95958,60,96018
30,"Sitapur","Nakul Dubey","Bahujan Samaj Party",413173,522,413695
30,"Sitapur","Rajesh Verma","Bharatiya Janata Party",513984,544,514528
30,"Sitapur","Anil Singh","Aam Janta Party (India)",7530,2,7532
30,"Sitapur","Abu bakar","Bharat Prabhat Party",1827,1,1828
30,"Sitapur","Geeta Devi","Bahujan Awam Party",1441,0,1441
30,"Sitapur","Mahendra Kumar","Awami Samta Party",2332,0,2332
30,"Sitapur","Vijay Kumar Mishra","Pragatishil Samajwadi Party (Lohia)",1737,5,1742
30,"Sitapur","Turab Ali","Independent",4508,0,4508
30,"Sitapur","Pyare Lal Bhargva","Independent",4447,1,4448
30,"Sitapur","Vinod Kumar","Independent",4083,0,4083
30,"Sitapur","Shuchita Kumar","Independent",3492,1,3493
30,"Sitapur","NOTA","None of the Above",8866,7,8873
31,"Hardoi","Usha Verma","Samajwadi Party",434459,1210,435669
31,"Hardoi","Jai Prakash","Bharatiya Janata Party",567244,899,568143
31,"Hardoi","Virendra Kumar","Indian National Congress",19943,29,19972
31,"Hardoi","Mahendra Pal Verma","Bahujan Awam Party",2247,6,2253
31,"Hardoi","Ram Chandra","Bhartiya Krishak Dal",1130,0,1130
31,"Hardoi","Sahab Singh","Peoples Party of India (Democratic)",1197,0,1197
31,"Hardoi","Sanjay Bharatiya","Pragatishil Samajwadi Party (Lohia)",1801,1,1802
31,"Hardoi","Avdhesh Kumar","Independent",1373,0,1373
31,"Hardoi","Chotte Lal","Independent",2041,0,2041
31,"Hardoi","Bhaiya Lal","Independent",7911,0,7911
31,"Hardoi","Shive Kumar","Independent",5043,0,5043
31,"Hardoi","NOTA","None of the Above",11003,21,11024
32,"Misrikh","Ashok Kumar Rawat","Bharatiya Janata Party",533562,867,534429
32,"Misrikh","Dr Neelu Satyarthi","Bahujan Samaj Party",433110,647,433757
32,"Misrikh","Manjari Rahi","Indian National Congress",26446,59,26505
32,"Misrikh","Arun Kumari Kori","Pragatishil Samajwadi Party (Lohia)",2429,13,2442
32,"Misrikh","Nagendra Kumar","Rashtrawadi Shramjeevi Dal",1547,1,1548
32,"Misrikh","Beerendra Kanaujiya","Hindusthan Nirman Dal",1556,1,1557
32,"Misrikh","Rahul Kumar","Bhartiya Krishak Dal",911,0,911
32,"Misrikh","Arpit","Independent",1002,0,1002
32,"Misrikh","Arvind Kumar","Independent",939,0,939
32,"Misrikh","Akash Niraj","Independent",1939,0,1939
32,"Misrikh","Raju Verma","Independent",1303,0,1303
32,"Misrikh","Rampal","Independent",2221,0,2221
32,"Misrikh","Shripal Verma","Independent",7934,0,7934
32,"Misrikh","NOTA","None of the Above",10164,17,10181
33,"Unnao","Annu Tandon","Indian National Congress",185468,166,185634
33,"Unnao","Arun Shanker Shukla","Samajwadi Party",302263,288,302551
33,"Unnao","Swami Sakshi Ji Maharaj","Bharatiya Janata Party",702441,1066,703507
33,"Unnao","Umar Khan","Nagrik Ekta Party",11122,1,11123
33,"Unnao","Chedi Lal","Bharat Prabhat Party",3088,2,3090
33,"Unnao","Deepak Chaurasia","Janhit Kisan Party",5712,3,5715
33,"Unnao","Shailesh Kushwaha","Aajad Bharat Party (Democratic)",3550,0,3550
33,"Unnao","Satish Kumar Shukla","Pragatishil Samajwadi Party (Lohia)",6710,1,6711
33,"Unnao","Satyendra Nath Gaur","Independent",4003,2,4005
33,"Unnao","NOTA","None of the Above",11189,1,11190
34,"Mohanlalganj","Kaushal Kishore","Bharatiya Janata Party",626972,2776,629748
34,"Mohanlalganj","R. K. Chaudhary","Indian National Congress",59632,429,60061
34,"Mohanlalganj","C. L. Verma","Bahujan Samaj Party",537172,2347,539519
34,"Mohanlalganj","Ganesh Rawat","Pragatishil Samajwadi Party (Lohia)",7954,21,7975
34,"Mohanlalganj","Jagdish Prasad Gautam","Manavtawadi Samaj Party",1441,2,1443
34,"Mohanlalganj","Radha Ambedkar","Peoples Party of India (Democratic)",1219,0,1219
34,"Mohanlalganj","Ram Sagar Paasi","Samdarshi Samaj Party",1510,5,1515
34,"Mohanlalganj","Shatrohan Lal Rawat","Lok Dal",2629,4,2633
34,"Mohanlalganj","Sushil Kumar","Aadarsh Sangram Party",4281,0,4281
34,"Mohanlalganj","Jagdish Rawat","Independent",3060,2,3062
34,"Mohanlalganj","Prabhawati Devi","Independent",4329,3,4332
34,"Mohanlalganj","Ramesh Kumar","Independent",2462,0,2462
34,"Mohanlalganj","NOTA","None of the Above",10721,69,10790
35,"Lucknow","Poonam Shatrughan Sinha","Samajwadi Party",282858,2866,285724
35,"Lucknow","Acharya Pramod Krishnam","Indian National Congress",178904,1107,180011
35,"Lucknow","Rajnath Singh","Bharatiya Janata Party",627881,5145,633026
35,"Lucknow","Amar Kumar Raizada","Akhil Bharatiya Jan Sangh",2099,5,2104
35,"Lucknow","Kapil Mohan","Mera Adhikaar Rashtriya Dal",471,3,474
35,"Lucknow","Ganesh Chaudhari","Saaf Party",506,9,515
35,"Lucknow","Girish Narain Pande","Sarvodaya Bharat Party",565,4,569
35,"Lucknow","Haji Faheem Siddiqui","Indian National League",569,3,572
35,"Lucknow","Professor D.N.N.S. Yadav","Peoples Party of India (Democratic)",666,9,675
35,"Lucknow","Ramesh","All India Forward Bloc",730,9,739
35,"Lucknow","Ram Sagar Pal","Awami Samta Party",1232,19,1251
35,"Lucknow","Shamim Khan","Nagrik Ekta Party",931,4,935
35,"Lucknow","Avinash Chandra Jain","Independent",592,2,594
35,"Lucknow","Jimidar Singh Yadav","Independent",857,2,859
35,"Lucknow","Sanjay Singh Rana","Independent",980,1,981
35,"Lucknow","NOTA","None of the Above",7259,157,7416
36,"Rae Bareli","DINESH PRATAP SINGH","Bharatiya Janata Party",365839,1901,367740
36,"Rae Bareli","SONIA GANDHI","Indian National Congress",533687,1231,534918
36,"Rae Bareli","ASHOK PRATAP MAURYA","Aajad Bharat Party (Democratic)",9449,10,9459
36,"Rae Bareli","KIRAN CHAUDHARY","Bahujan Mukti Party",2629,22,2651
36,"Rae Bareli","RAM NARAYAN","Voters Party  International",1726,2,1728
36,"Rae Bareli","RAM SINGH YADAV","Pragatishil Samajwadi Party (Lohia)",2282,23,2305
36,"Rae Bareli","RAMESHVAR LODHI","Sabka Dal United",2117,2,2119
36,"Rae Bareli","SUNEEL KUMAR","Peace Party",1770,1,1771
36,"Rae Bareli","HORI LAL","Pragatisheel Samaj Party",3295,1,3296
36,"Rae Bareli","NAIMISH PRATAP NARAYAN SINGH","Independent",1765,0,1765
36,"Rae Bareli","PRAMENDRA KUMAR","Independent",2887,1,2888
36,"Rae Bareli","PRAMOD KUREEL","Independent",3454,5,3459
36,"Rae Bareli","VIJAY BAHADUR SINGH","Independent",2812,2,2814
36,"Rae Bareli","SARTAJ KHAN","Independent",3333,0,3333
36,"Rae Bareli","SURENDRA BAHADUR SINGH","Independent",8051,7,8058
36,"Rae Bareli","NOTA","None of the Above",10225,27,10252
37,"Amethi","Rahul Gandhi","Indian National Congress",412867,527,413394
37,"Amethi","Smriti Irani","Bharatiya Janata Party",467598,916,468514
37,"Amethi","Afajal Varis","Bahujan Mukti Party",6177,6,6183
37,"Amethi","Gopal Swaroop Gandhi","Kisan Majdoor Berojgar Sangh",1574,0,1574
37,"Amethi","Durgesh Singh","Bharat Prabhat Party",956,2,958
37,"Amethi","Nathu Ram","Janvadi Party(Socialist)",846,1,847
37,"Amethi","Prem Shankar","Moulik Adhikar Party",1728,1,1729
37,"Amethi","Pankaj Ramkumar Sing","Akhand Rashtrawadi Party",1057,0,1057
37,"Amethi","Bas Deo Maurya","Communist Party of India (Marxist-Leninist) Red Star",986,2,988
37,"Amethi","Ram Milan","Rashtriya Apna Dal",1144,0,1144
37,"Amethi","Ram Sidh Yadav","Manavtawadi Samaj Party",3052,3,3055
37,"Amethi","Shatrunjai Pratap Singh","Lok Gathbandhan Party",1716,0,1716
37,"Amethi","SHIV Nandan Singh","Bharatiya Sampuran Krantikari Party",1947,1,1948
37,"Amethi","Gopal Prasad","Independent",3177,0,3177
37,"Amethi","Dinesh Kumar","Independent",4301,0,4301
37,"Amethi","Dhurv lal","Independent",7816,0,7816
37,"Amethi","Bhagwandeen","Independent",3860,0,3860
37,"Amethi","Ram Sajiwan","Independent",5616,0,5616
37,"Amethi","Lal Babu","Independent",2318,0,2318
37,"Amethi","Vipin Yadav","Independent",1039,0,1039
37,"Amethi","Shiv Kumar","Independent",495,0,495
37,"Amethi","Dr. U.P. Shivananda","Independent",546,1,547
37,"Amethi","Saritha S. Nair","Independent",568,1,569
37,"Amethi","Suresh Kumar Shukla","Independent",779,0,779
37,"Amethi","Mo. Hasan Lahari","Independent",1224,0,1224
37,"Amethi","Harun Rasheed","Independent",2083,2,2085
37,"Amethi","Hemant Kumar","Independent",1580,0,1580
37,"Amethi","NOTA","None of the Above",3931,9,3940
38,"Sultanpur",""CHANDRA BHADRA SINGH ""SSONU"""","Bahujan Samaj Party",444422,248,444670
38,"Sultanpur","MANEKA SANJAI GANDHI","Bharatiya Janata Party",458281,915,459196
38,"Sultanpur","Dr. SANJAY SINH","Indian National Congress",41588,93,41681
38,"Sultanpur","RISHABH SHRIVASTAVA","Bhartiya Hind Fauj",2424,3,2427
38,"Sultanpur","KAMLA DEVI","Pragatishil Samajwadi Party (Lohia)",11484,10,11494
38,"Sultanpur","NASIR ALI","Bharat Prabhat Party",1246,0,1246
38,"Sultanpur","FIROJ AHAMAD","Kanshiram Bahujan Dal",1590,2,1592
38,"Sultanpur","MANJU LATA PAL","Aam Janta Party (India)",2148,0,2148
38,"Sultanpur","SUNITA RAJBHAR","Suheldev Bharatiya Samaj Party",4270,1,4271
38,"Sultanpur","HARI LAL","Rastriya Insaaf Party",3265,0,3265
38,"Sultanpur","AKHILESH","Independent",1826,2,1828
38,"Sultanpur","ABU UMAIMA","Independent",1577,0,1577
38,"Sultanpur","MATHURA","Independent",2226,0,2226
38,"Sultanpur","RAJ KUMAR","Independent",5756,0,5756
38,"Sultanpur","VIRENDRA","Independent",7168,0,7168
38,"Sultanpur","NOTA","None of the Above",9770,1,9771
39,"Pratapgarh","ASHOK TRIPATHI","Bahujan Samaj Party",316633,1906,318539
39,"Pratapgarh","RAJKUMARI RATNA SINGH","Indian National Congress",76686,410,77096
39,"Pratapgarh","SANGAM LAL GUPTA","Bharatiya Janata Party",434222,2069,436291
39,"Pratapgarh","AKSHAY PRATAP SINGH ALIAS GOPAL JI","Jansatta Dal Loktantrik",46766,197,46963
39,"Pratapgarh","M. IRSHAD","Sarvodaya Bharat Party",5558,1,5559
39,"Pratapgarh","RAM BAHADUR SHARMA","Moulik Adhikar Party",5576,2,5578
39,"Pratapgarh","SHESHNATH TIWARI","SOCIALIST UNITY CENTRE OF INDIA (COMMUNIST)",4526,2,4528
39,"Pratapgarh","DR. B. L. VERMA","Independent",7921,31,7952
39,"Pratapgarh","NOTA","None of the Above",12127,32,12159
40,"Farrukhabad","Manoj Agarwal","Bahujan Samaj Party",347714,464,348178
40,"Farrukhabad","Mukesh Rajput","Bharatiya Janata Party",567930,1950,569880
40,"Farrukhabad","Salman Khurshid","Indian National Congress",55143,115,55258
40,"Farrukhabad","Uday pal Singh","Pragatishil Samajwadi Party (Lohia)",9671,30,9701
40,"Farrukhabad","Luxman","Shivsena",1887,6,1893
40,"Farrukhabad","Vipin Kumar Mishra","Bhartiya Shakti Chetna Party",1311,1,1312
40,"Farrukhabad","Shri Krishna","Mazdoor Dalit Kisaan Mahila Gareeb Party (Hindustani)",1667,2,1669
40,"Farrukhabad","Rahul Kumar","Independent",3661,1,3662
40,"Farrukhabad","Sanjay Kumar","Independent",3963,0,3963
40,"Farrukhabad","NOTA","None of the Above",7426,11,7437
41,"Etawah","ASHOK KUMAR DOHARE","Indian National Congress",16460,110,16570
41,"Etawah","KAMLESH KUMAR","Samajwadi Party",455957,1725,457682
41,"Etawah","Dr RAM SHANKAR KATHERIA","Bharatiya Janata Party",519674,2445,522119
41,"Etawah","AKSHASH KRISHNA","Pichhra Samaj Party",4064,9,4073
41,"Etawah","AJAY KUMAR","Bhartiya Jan Nayak Party",850,5,855
41,"Etawah","ARUN KUMAR","Jan Samman party",837,3,840
41,"Etawah","ARTI DEVI","Mahasankalp Janta Party",1481,12,1493
41,"Etawah","LALTA PRASAD","Voters Party  International",1265,1,1266
41,"Etawah","SHAMBHU DAYAL DOHARE","Pragatishil Samajwadi Party (Lohia)",8657,18,8675
41,"Etawah","SITA","Bhartiya Shakti Chetna Party",1153,1,1154
41,"Etawah","DALVEER SINGH","Independent",2111,1,2112
41,"Etawah","POOJA","Independent",2504,4,2508
41,"Etawah","SANJAY KUMAR","Independent",2857,1,2858
41,"Etawah","NOTA","None of the Above",5580,30,5610
42,"Kannauj","DIMPLE YADAV","Samajwadi Party",549200,1534,550734
42,"Kannauj","SUBRAT PATHAK","Bharatiya Janata Party",561286,1801,563087
42,"Kannauj","ANAND VIKRAM SINGH","Shivsena",4905,17,4922
42,"Kannauj","RAMA DEVI","Bhartiya Vanchitsamaj Party",972,12,984
42,"Kannauj","SATYA RAM","Rashtriya Kranti Party",875,0,875
42,"Kannauj","SUBHASH CHANDRA DOHRE","All India Forward Bloc",1337,0,1337
42,"Kannauj","SANJEEV KUMAR","Rashtriya Samaj Paksha",1200,3,1203
42,"Kannauj","ANKIT SINGH","Independent",1159,4,1163
42,"Kannauj","PRATYUSH PATHAK","Independent",3881,2,3883
42,"Kannauj","SUNIL BHARTI","Independent",4143,0,4143
42,"Kannauj","NOTA","None of the Above",8142,23,8165
43,"Kanpur","Ram Kumar","Samajwadi Party",47703,572,48275
43,"Kanpur","Sriprakash Jaiswal","Indian National Congress",311409,1594,313003
43,"Kanpur","Satyadev Pachauri","Bharatiya Janata Party",466442,2495,468937
43,"Kanpur","Alok Kumar","Sabhi Jan Party",1883,2,1885
43,"Kanpur","Poonam Shukla","Bhartiya Shakti Chetna Party",1116,14,1130
43,"Kanpur","Balveer Singh Chandel","Shivsena",589,2,591
43,"Kanpur","Mukti Yadav","Bharatiya Rashtriya Morcha",314,2,316
43,"Kanpur","Reena Urf Renu","Saaf Party",364,3,367
43,"Kanpur","Chandra Bhan Sankhwar","Independent",592,3,595
43,"Kanpur","Javed Mohammad Khan","Independent",694,2,696
43,"Kanpur","Triveni Narayan Jaiswal","Independent",486,0,486
43,"Kanpur","Dilshad Ahmad","Independent",580,0,580
43,"Kanpur","Ram Gopal Uttam","Independent",1077,1,1078
43,"Kanpur","Shivam Kushwaha","Independent",997,1,998
43,"Kanpur","NOTA","None of the Above",4007,50,4057
44,"Akbarpur","Devendra Singh 'Bhole'","Bharatiya Janata Party",577603,3679,581282
44,"Akbarpur","Nisha Sachan","Bahujan Samaj Party",304553,1587,306140
44,"Akbarpur","Rajaram Pal","Indian National Congress",107592,749,108341
44,"Akbarpur","Amit Tripathi","Adhunik Bharat Party",1971,5,1976
44,"Akbarpur","Ashok Paswan","Sabhi Jan Party",864,2,866
44,"Akbarpur","Mahendra Singh Yadav","Pragatishil Samajwadi Party (Lohia)",2005,42,2047
44,"Akbarpur","Ravi Sachan","Janata Dal  (United)",1024,4,1028
44,"Akbarpur","Prof. Ramgopal Sankhwar","Rashtriya Janutthan Party",770,6,776
44,"Akbarpur","Saurabh Mishra","Bhartiya Shakti Chetna Party",2928,12,2940
44,"Akbarpur","Arun Kumar","Independent",1573,5,1578
44,"Akbarpur","Niraj Kumar Pasi Advocate","Independent",1626,1,1627
44,"Akbarpur","Manoj Gupta","Independent",3269,1,3270
44,"Akbarpur","Vikas Tripathi","Independent",2231,3,2234
44,"Akbarpur","Sunil Kumar","Independent",3214,1,3215
44,"Akbarpur","NOTA","None of the Above",7919,75,7994
45,"Jalaun","AJAY SINGH (PANKAJ)","Bahujan Samaj Party",422476,910,423386
45,"Jalaun","BRIJLAL KHABRI","Indian National Congress",89444,162,89606
45,"Jalaun","BHANU PRATAP SINGH VERMA","Bharatiya Janata Party",579723,2040,581763
45,"Jalaun","RAMSINGH","Communist Party of India  (Marxist-Leninist)  (Liberation)",8786,6,8792
45,"Jalaun","SHRAVAN KUMAR PAL","Rashtriya Shoshit Samaj Party",13861,33,13894
45,"Jalaun","NOTA","None of the Above",12493,21,12514
46,"Jhansi","Anurag Sharma","Bharatiya Janata Party",808371,901,809272
46,"Jhansi","Shyam Sundar Singh","Samajwadi Party",443090,499,443589
46,"Jhansi","Shivsharan","Indian National Congress",86080,59,86139
46,"Jhansi","Jagat Vikram Singh","Pragatishil Samajwadi Party (Lohia)",2696,1,2697
46,"Jhansi","Dilshad Ahmed Siddique","Swatantra Jantaraj Party",2263,1,2264
46,"Jhansi","Shruti Agrawal","Bundelkhand Kranti Dal",1845,4,1849
46,"Jhansi","Kalpana Khard","Independent",1769,1,1770
46,"Jhansi","Raja Khateek","Independent",2247,3,2250
46,"Jhansi","Ramgopal","Independent",3807,0,3807
46,"Jhansi","Sunil Prajapati","Independent",5709,2,5711
46,"Jhansi","NOTA","None of the Above",18228,11,18239
47,"Hamirpur","DILIP KUMAR SINGH","Bahujan Samaj Party",325803,667,326470
47,"Hamirpur","KUNWAR PUSHPENDRA SINGH CHANDEL","Bharatiya Janata Party",574101,1021,575122
47,"Hamirpur","PRITAM SINGH LODHI KISAAN","Indian National Congress",114376,158,114534
47,"Hamirpur","ARVIND KUMAR PRAJAPATI","Pragatishil Samajwadi Party (Lohia)",4247,4,4251
47,"Hamirpur","ER. KEDARNATH VISHWAKARMA","Bahujan Mukti Party",2848,3,2851
47,"Hamirpur","SHRIRAM SINGH GAUR","Bhartiya Shakti Chetna Party",2834,1,2835
47,"Hamirpur","SURESH CHANDRA RAJPUT","Rashtriya Kranti Party",1983,0,1983
47,"Hamirpur","KAMLESH KUMAR","Independent",2441,3,2444
47,"Hamirpur","KAMTA PRASAD PRAJAPATI","Independent",2693,4,2697
47,"Hamirpur","MADHURAJ","Independent",2304,2,2306
47,"Hamirpur","RAJESH","Independent",4917,0,4917
47,"Hamirpur","RAM GOPAL","Independent",4205,1,4206
47,"Hamirpur","SARJOOLAL","Independent",5206,0,5206
47,"Hamirpur","SANJAY KUMAR SAHU","Independent",24787,14,24801
47,"Hamirpur","NOTA","None of the Above",15141,14,15155
48,"Banda","BALKUMAR PATEL","Indian National Congress",75350,88,75438
48,"Banda","MAHENDRA","Communist Party of India",10347,2,10349
48,"Banda","SHYAMA CHARAN GUPTA","Samajwadi Party",418647,341,418988
48,"Banda","R.K. SINGH PATEL","Bharatiya Janata Party",477100,826,477926
48,"Banda","CHHOTELAL","Pragatishil Samajwadi Party (Lohia)",12746,1,12747
48,"Banda","MIRA DEVI","Swatantra Jantaraj Party",6539,6,6545
48,"Banda","SHIRAZ RAHAT KHAN","Ambedkar Samaj Party",7869,4,7873
48,"Banda","RAMPRATAP","Independent",5430,3,5433
48,"Banda","NOTA","None of the Above",19248,2,19250
49,"Fatehpur","NIRANJAN JYOTI","Bharatiya Janata Party",563715,2325,566040
49,"Fatehpur","RAKESH SACHAN","Indian National Congress",65738,339,66077
49,"Fatehpur","SUKHDEV PRASAD VERMA","Bahujan Samaj Party",366167,1668,367835
49,"Fatehpur","ASHOK KUMAR MISHRA","Janhit Bharat Party",5266,12,5278
49,"Fatehpur","MAHESH CHANDRA SAHU","Pragatishil Samajwadi Party (Lohia)",2706,12,2718
49,"Fatehpur","RAJKUMAR LODHI","Vikas Insaf Party",2454,3,2457
49,"Fatehpur","RAMKUMAR","Peoples Party of India (Democratic)",2779,1,2780
49,"Fatehpur","KAMTA PRASAD","Independent",3794,2,3796
49,"Fatehpur","JUBER AHMAD","Independent",4903,3,4906
49,"Fatehpur","BENI PRASAD","Independent",7072,4,7076
49,"Fatehpur","NOTA","None of the Above",14640,52,14692
50,"Kaushambi","INDRAJEET SAROJ","Samajwadi Party",343274,1013,344287
50,"Kaushambi","GIRISH PASI","Indian National Congress",16384,58,16442
50,"Kaushambi","VINOD KUMAR SONKAR","Bharatiya Janata Party",381517,1492,383009
50,"Kaushambi","BACHACHA LAL","Bhartiya Shakti Chetna Party",6206,5,6211
50,"Kaushambi","MISHRI LAL","Swatantra Jantaraj Party",3178,5,3183
50,"Kaushambi","RAJDEV","Pragatishil Samajwadi Party (Lohia)",4986,0,4986
50,"Kaushambi","SHAILENDRA KUMAR PASI","Jansatta Dal Loktantrik",156269,137,156406
50,"Kaushambi","CHHEDDU","Independent",3562,4,3566
50,"Kaushambi","PRADEEP KUMAR","Independent",2376,1,2377
50,"Kaushambi","RAM SUMER","Independent",4219,5,4224
50,"Kaushambi","SHAILENDRA KUMAR","Independent",26954,13,26967
50,"Kaushambi","SHAILENDRA KUMAR","Independent",8009,2,8011
50,"Kaushambi","NOTA","None of the Above",14751,18,14769
51,"Phulpur","Keshari Devi Patel","Bharatiya Janata Party",542398,2303,544701
51,"Phulpur","Pandhari Yadav","Samajwadi Party",371318,1415,372733
51,"Phulpur","Pankaj Patel","Indian National Congress",32617,144,32761
51,"Phulpur","Atul Kumar Dwivedi","Lok Gathbandhan Party",1398,8,1406
51,"Phulpur","Kamala Prasad","Ambedkar Yug Party",916,5,921
51,"Phulpur","Dakkhini Prasad Kushwaha","Rashtriya Garib Dal",974,1,975
51,"Phulpur","Priya Singh Paul Alias Priyadarshini Gandhi","Pragatishil Samajwadi Party (Lohia)",1602,5,1607
51,"Phulpur","Ramnath Priydarshi Suman","Rashtriya Janmat Party",2058,0,2058
51,"Phulpur","Dr. Ramlakhan Chaurasiya","Moulik Adhikar Party",1965,1,1966
51,"Phulpur","Srichandra Kesarwani (Advocate)","Baliraja Party",1261,1,1262
51,"Phulpur","Sunil Kumar Maurya","Pragatisheel Samaj Party",2185,4,2189
51,"Phulpur","Sanjeev Kumar Mishra","Yuva Vikas Party",2858,0,2858
51,"Phulpur","Rishabh Pandey","Independent",1945,0,1945
51,"Phulpur","Dr. Neeraj","Independent",2969,3,2972
51,"Phulpur","NOTA","None of the Above",7862,20,7882
52,"Allahabad","Girdhar Gopal Tripathi","Communist Party of India",10397,6,10403
52,"Allahabad","Yogesh Shukla","Indian National Congress",31852,101,31953
52,"Allahabad","Rajendra Singh Patel","Samajwadi Party",309328,851,310179
52,"Allahabad","Rita Bahuguna Joshi","Bharatiya Janata Party",493204,1250,494454
52,"Allahabad","Ajeet Kumar Patel","Pragatisheel Samaj Party",6261,6,6267
52,"Allahabad","Abhimanyu Singh Patel","Pragatishil Samajwadi Party (Lohia)",2214,3,2217
52,"Allahabad","Om Guru Charandas","Sanatan Sanskriti Raksha Dal",2278,0,2278
52,"Allahabad","Gayatri Prasad","Bhartiya Shakti Chetna Party",1516,1,1517
52,"Allahabad","Bhawani Singh","Aam Aadmi Party",1840,5,1845
52,"Allahabad","Ram Pal Gupta","Parivartan Samaj Party",3367,1,3368
52,"Allahabad","Shiv Dutt Shukla","Annadata Party",5146,1,5147
52,"Allahabad","Shiv Prasad","Lok Gathbandhan Party",4117,1,4118
52,"Allahabad","Ajay Sharma","Independent",4731,0,4731
52,"Allahabad","Rabindra Kumar Shrivastav","Independent",2954,0,2954
52,"Allahabad","NOTA","None of the Above",7610,15,7625
53,"Barabanki","Upendra Singh Rawat","Bharatiya Janata Party",535594,323,535917
53,"Barabanki","Tanuj Punia","Indian National Congress",159575,36,159611
53,"Barabanki","Ram Sagar Rawat","Samajwadi Party",425624,153,425777
53,"Barabanki","Asha Devi","Lok Dal",5761,1,5762
53,"Barabanki","Om kar","Bahujan Mukti Party",1369,2,1371
53,"Barabanki","Kalpana Rawat","Bharat Prabhat Party",1048,1,1049
53,"Barabanki","Tarawati","Awami Samta Party",1920,1,1921
53,"Barabanki","Fool Dulari","Samdarshi Samaj Party",1622,2,1624
53,"Barabanki","Vinod Kumar","Aam Janta Party (India)",1622,0,1622
53,"Barabanki","Santosh Kumari","Dr. Bhimrao Ambedkar Dal",1549,0,1549
53,"Barabanki","Kishan Lal","Independent",2288,1,2289
53,"Barabanki","Molhey Ram Rawat","Independent",4380,1,4381
53,"Barabanki","Manju Devi","Independent",3683,0,3683
53,"Barabanki","NOTA","None of the Above",8783,2,8785
54,"Faizabad","ANAND SEN","Samajwadi Party",463187,357,463544
54,"Faizabad","NIRMAL KHATRI","Indian National Congress",53322,64,53386
54,"Faizabad","LALLU SINGH","Bharatiya Janata Party",528113,908,529021
54,"Faizabad","ASHA DEVI","Lok Dal",6669,5,6674
54,"Faizabad","KANCHAN YADAV","Moulik Adhikar Party",2762,6,2768
54,"Faizabad","MAHESH TIWARI","Shivsena",1243,2,1245
54,"Faizabad","VIJAY SHANKAR PANDEY","Lok Gathbandhan Party",2055,1,2056
54,"Faizabad","SHER AFGAN","Bharat Prabhat Party",1336,1,1337
54,"Faizabad","KAMLESH TIWARI","Independent",2739,0,2739
54,"Faizabad","MANOJ KUMAR MISHRA","Independent",1821,1,1822
54,"Faizabad","RAJBAHADUR URF RAJAN PANDEY","Independent",7345,2,7347
54,"Faizabad","LAL MANI TRIPATHI (BHAI SAHAB)","Independent",3301,1,3302
54,"Faizabad","SHARAD KUMAR","Independent",2492,0,2492
54,"Faizabad","NOTA","None of the Above",9381,7,9388
55,"Ambedkar Nagar","Mukut Bihari","Bharatiya Janata Party",467287,951,468238
55,"Ambedkar Nagar","Ritesh Pandey","Bahujan Samaj Party",563445,673,564118
55,"Ambedkar Nagar","Ayodhya","Bharat Prabhat Party",5449,23,5472
55,"Ambedkar Nagar","Ashutosh","Moulik Adhikar Party",4162,1,4163
55,"Ambedkar Nagar","Parshuram Patel","Hindusthan Nirman Dal",2440,3,2443
55,"Ambedkar Nagar","Premnath Nishad","Pragatishil Samajwadi Party (Lohia)",2385,5,2390
55,"Ambedkar Nagar","Mastram Kori","Swatantra Jantaraj Party",1959,0,1959
55,"Ambedkar Nagar","Rakesh","Suheldev Bharatiya Samaj Party",15164,3,15167
55,"Ambedkar Nagar","Ram Singar","Voters Party  International",2224,0,2224
55,"Ambedkar Nagar","Sushila Dinkar","Bahujan Mukti Party",6054,11,6065
55,"Ambedkar Nagar","Taigar Ramnihor Patel 'Ratnashah'","Independent",6567,2,6569
55,"Ambedkar Nagar","NOTA","None of the Above",11329,15,11344
56,"Bahraich","AKSHAIBAR LAL","Bharatiya Janata Party",525512,470,525982
56,"Bahraich","SHABBIR BALMIKI","Samajwadi Party",396843,387,397230
56,"Bahraich","SAVITRI BAI PHULE","Indian National Congress",34383,71,34454
56,"Bahraich","JAGDISH KUMAR SINGH","Pragatishil Samajwadi Party (Lohia)",2488,1,2489
56,"Bahraich","MAUJILAL","Rashtriya Jan Adhikar Party (United)",1662,0,1662
56,"Bahraich","RAM SAGAR","Rashtriya Kranti Party",1581,0,1581
56,"Bahraich","RINKU SAHANI","Shivsena",2423,4,2427
56,"Bahraich","GUR PRASAD","Independent",2131,0,2131
56,"Bahraich","JANARDAN GOND","Independent",5179,0,5179
56,"Bahraich","SHIVNANDAN","Independent",3524,0,3524
56,"Bahraich","NOTA","None of the Above",13184,5,13189
57,"Kaiserganj","Chandradev Ram Yadav","Bahujan Samaj Party",319418,339,319757
57,"Kaiserganj","Brijbhusan Sharan Singh","Bharatiya Janata Party",580226,1132,581358
57,"Kaiserganj","Vinay Kumar Pandey 'Vinnu'","Indian National Congress",37049,83,37132
57,"Kaiserganj","Umesh Kumar","Rashtriya Jan Adhikar Party (United)",5898,1,5899
57,"Kaiserganj","Chandra Prakash Pandey","Naitik Party",3114,3,3117
57,"Kaiserganj","Dhananjay Sharma","Pragatishil Samajwadi Party (Lohia)",2000,1,2001
57,"Kaiserganj","Pramod Kumar","Samrat Ashok Sena Party",2214,0,2214
57,"Kaiserganj","Vajid","Aam Janta Party (India)",2036,0,2036
57,"Kaiserganj","Santosh","Bharat Prabhat Party",2165,1,2166
57,"Kaiserganj","Om Prakash Mishra","Independent",3085,4,3089
57,"Kaiserganj","Munni","Independent",4563,2,4565
57,"Kaiserganj","Shiv Narayan","Independent",4898,0,4898
57,"Kaiserganj","NOTA","None of the Above",13157,11,13168
58,"Shrawasti","DADDAN MISHRA","Bharatiya Janata Party",436228,223,436451
58,"Shrawasti","DHIRENDRA PRATAP SINGH","Indian National Congress",58014,28,58042
58,"Shrawasti","NABBAN KHAN","Communist Party of India",12662,0,12662
58,"Shrawasti","RAM SHIROMANI","Bahujan Samaj Party",441505,266,441771
58,"Shrawasti","RAJWANT SINGH","Shivsena",7479,0,7479
58,"Shrawasti","RAM KUMAR PANDEY","Hindusthan Nirman Dal",4325,0,4325
58,"Shrawasti","HANOMAN PRASAD MISHRA","Kisan Mazdoor Sangharsh Party",3165,0,3165
58,"Shrawasti","ARJUN","Independent",3509,0,3509
58,"Shrawasti","UGRASEN SINGH","Independent",7064,0,7064
58,"Shrawasti","BALMUKUND","Independent",5431,0,5431
58,"Shrawasti","NOTA","None of the Above",17104,4,17108
59,"Gonda","KIRTI VARDHAN SINGH ALIAS RAJA BHAIYA","Bharatiya Janata Party",507276,914,508190
59,"Gonda","SMT KRISHNA PATEL","Indian National Congress",25646,40,25686
59,"Gonda","VINOD KUMAR ALIAS PANDIT SINGH","Samajwadi Party",341179,651,341830
59,"Gonda","ASMAN DATT MISHRA","Bharat Prabhat Party",3732,2,3734
59,"Gonda",""QUTUBUDDIN KHAN ""DIMOND"""","Pragatishil Samajwadi Party (Lohia)",6210,2,6212
59,"Gonda","DHANI RAM CHAUDHRI","Rashtriya Jansambhavna Party",3539,1,3540
59,"Gonda","PEER ALI KHAN","Kisan Mazdoor Sangharsh Party",1936,0,1936
59,"Gonda","MUBARAK ALI","All India Forward Bloc",2830,0,2830
59,"Gonda","RADHEY SHYAM ALIAS PAPPU RAJBHAR","Suheldev Bharatiya Samaj Party",3854,2,3856
59,"Gonda","HAFIZ ALI","Peace Party",2103,1,2104
59,"Gonda","MO. ARBI","Independent",2568,0,2568
59,"Gonda","NARENDRA SINGH","Independent",3265,0,3265
59,"Gonda","MAHESH SINGH","Independent",5475,0,5475
59,"Gonda","VINOD KUMAR SINGH","Independent",2641,2,2643
59,"Gonda","NOTA","None of the Above",8401,17,8418
60,"Domariyaganj","AFTAB ALAM","Bahujan Samaj Party",386901,31,386932
60,"Domariyaganj","CHANDRASH ALIAS CHANDRESH KUMAR UPADHYAY","Indian National Congress",60538,11,60549
60,"Domariyaganj","JAGDAMBIKA PAL","Bharatiya Janata Party",492145,108,492253
60,"Domariyaganj","ARJUN SINGH LODHI","Bahujan Mukti Party",8265,0,8265
60,"Domariyaganj","KESHARI NANDAN","Sabka Dal United",3066,0,3066
60,"Domariyaganj","KESHAV RAJBHAR","Suheldev Bharatiya Samaj Party",3809,0,3809
60,"Domariyaganj","BRIJESH KUMAR","Janhit Kisan Party",4097,0,4097
60,"Domariyaganj","MOHAMMAD IRFAN","Peace Party",5765,0,5765
60,"Domariyaganj","SANJAY KUMAR CHAUHAN","Nagrik Ekta Party",5029,1,5030
60,"Domariyaganj","SHARWAN KUMAR","Independent",3746,0,3746
60,"Domariyaganj","NOTA","None of the Above",11754,3,11757
61,"Basti","RAJ KISHOR SINGH","Indian National Congress",86453,467,86920
61,"Basti","RAM PRASAD CHAUDHARY","Bahujan Samaj Party",437641,3167,440808
61,"Basti","HARISH CHANDRA ALIAS HARISH DWIVEDI","Bharatiya Janata Party",469214,1948,471162
61,"Basti","PANKAJ DUBEY","Lok Gathbandhan Party",7340,5,7345
61,"Basti","RAM PRASAD CHAURASIYA","Janhit Kisan Party",3734,3,3737
61,"Basti","ROHIT KUMAR PATHAK","Hindusthan Nirman Dal",3179,3,3182
61,"Basti","VINOD KUMAR RAJBHAR","Suheldev Bharatiya Samaj Party",11960,11,11971
61,"Basti","CHANDRA MANI PANDEY","Independent",3161,9,3170
61,"Basti","BHAGWANDAS","Independent",5589,1,5590
61,"Basti","RANGI LAL YADAV","Independent",7638,1,7639
61,"Basti","NOTA","None of the Above",10298,37,10335
62,"Sant Kabir Nagar","PRAVEEN KUMAR NISHAD","Bharatiya Janata Party",466167,1376,467543
62,"Sant Kabir Nagar","BHAL CHANDRA YADAV","Indian National Congress",128242,264,128506
62,"Sant Kabir Nagar","BHEESHMA SHANKAR","Bahujan Samaj Party",430899,895,431794
62,"Sant Kabir Nagar","AKHILESH KUMAR","Moulik Adhikar Party",8013,12,8025
62,"Sant Kabir Nagar","ANAND KUMAR GAUTAM","Bahujan Mukti Party",3984,3,3987
62,"Sant Kabir Nagar","RAJENDRA YADAV","Independent",6915,17,6932
62,"Sant Kabir Nagar","LOTAN","Independent",3972,0,3972
62,"Sant Kabir Nagar","NOTA","None of the Above",12614,17,12631
63,"Maharajganj","AKHILESH","Samajwadi Party",385592,333,385925
63,"Maharajganj","PANKAJ CHOUDHARY","Bharatiya Janata Party",725557,792,726349
63,"Maharajganj","SUPRIYA SHRINATE","Indian National Congress",72449,67,72516
63,"Maharajganj","PAPPU CHAUHAN","Satya Kranti Party",2856,1,2857
63,"Maharajganj","MANISH","Bahujan Mukti Party",1530,4,1534
63,"Maharajganj","MANOJ KUMAR RANA","Bhartiya Kisan Union Samaj Party",1777,9,1786
63,"Maharajganj","SHIV CHARAN","Jai Hind Samaj Party",1431,0,1431
63,"Maharajganj","SUMIT","Janhit Kisan Party",5183,0,5183
63,"Maharajganj","ANEEL KUMAR","Independent",2040,2,2042
63,"Maharajganj","AMARJEET","Independent",2254,0,2254
63,"Maharajganj","PANNELAL","Independent",3871,1,3872
63,"Maharajganj","PRAMOD KUMAR","Independent",2236,0,2236
63,"Maharajganj","MOHANKUMAR","Independent",3066,0,3066
63,"Maharajganj","LALDHARI YADAV","Independent",5386,1,5387
63,"Maharajganj","NOTA","None of the Above",10458,20,10478
64,"Gorakhpur","Dr. Ashish Kumar Singh","Communist Party of India",8157,15,8172
64,"Gorakhpur","Madhusudan Tripathi","Indian National Congress",22855,117,22972
64,"Gorakhpur","Ravindra Shyamnarayan Shukla alias Ravi Kishan","Bharatiya Janata Party",715010,2112,717122
64,"Gorakhpur","Rambhual Nishad","Samajwadi Party",414340,1118,415458
64,"Gorakhpur","Abhishek Chand","Suheldev Bharatiya Samaj Party",4317,2,4319
64,"Gorakhpur","Awadhesh Kumar Singh","Shane Hind Fourm",1305,1,1306
64,"Gorakhpur","Jitendra Kumar","Jwala Dal",1572,0,1572
64,"Gorakhpur","Shyamnarayan Yadav","Pragatishil Samajwadi Party (Lohia)",2702,6,2708
64,"Gorakhpur","Subhash Chandra Dubey","Socialist Party (India)",1982,0,1982
64,"Gorakhpur","NOTA","None of the Above",7647,41,7688
65,"Kushi Nagar","N.P. KUSHWAHA ALIAS NATHUNI PRASAD KUSHWAHA","Samajwadi Party",257776,1703,259479
65,"Kushi Nagar","KUNWER RATANJIT PRATAP NARAYAN SINGH","Indian National Congress",145495,656,146151
65,"Kushi Nagar","VIJAY KUMAR DUBEY","Bharatiya Janata Party",595508,1531,597039
65,"Kushi Nagar","AMIRUDDIN","Apna Dal United Party",8540,1,8541
65,"Kushi Nagar","ARVIND YADAV","Communist Party of India (Marxist-Leninist) Red Star",1405,1,1406
65,"Kushi Nagar","UMESH SINGH","Bhartiya Shakti Chetna Party",1602,3,1605
65,"Kushi Nagar","USMAN","Peace Party",2714,1,2715
65,"Kushi Nagar","P.C. KUREEL","Indian National League",3072,0,3072
65,"Kushi Nagar","DR GANESH","Akhil Bhartiya Gondwana Party",1822,9,1831
65,"Kushi Nagar","RAJIV","Suheldev Bharatiya Samaj Party",8449,5,8454
65,"Kushi Nagar","RAM PRATAP","Purvanchal Mahapanchayat",2366,3,2369
65,"Kushi Nagar","LALITA","Akhil Bhartiya Navnirman Party",2755,4,2759
65,"Kushi Nagar","GUDDI KINNAR","Independent",5881,0,5881
65,"Kushi Nagar","SHIV KUMAR","Independent",3518,0,3518
65,"Kushi Nagar","NOTA","None of the Above",8276,21,8297
66,"Deoria","NIYAZ AHMED","Indian National Congress",50749,307,51056
66,"Deoria","BINOD KUMAR JAISWAL","Bahujan Samaj Party",327728,2985,330713
66,"Deoria","RAMAPATI RAM TRIPATHI","Bharatiya Janata Party",577617,3027,580644
66,"Deoria","ISRAR AHAMAD","Bharatiya Aavaam Ekta Party",8158,6,8164
66,"Deoria","ONKAR SINGH","Samajwadi Samaj Party",2386,31,2417
66,"Deoria","CHANDAN KUMAR YADAV","Rashtriya Ulama Council",3299,6,3305
66,"Deoria","JITENDRA","Suheldev Bharatiya Samaj Party",4867,1,4868
66,"Deoria","BIRJA","Peace Party",3209,0,3209
66,"Deoria","MANOJ KUMAR MISHRA","Manuvadi Party",3957,5,3962
66,"Deoria","BRIJENDRA MANI TRIPATHI","Independent",5702,0,5702
66,"Deoria","RAMASHISH RAI","Independent",7866,36,7902
66,"Deoria","NOTA","None of the Above",13358,63,13421
67,"Bansgaon","Kamlesh Paswan","Bharatiya Janata Party",544434,2239,546673
67,"Bansgaon","Sadal Prasad","Bahujan Samaj Party",391441,1764,393205
67,"Bansgaon","Surendra Prasad","Pragatishil Samajwadi Party (Lohia)",8685,32,8717
67,"Bansgaon","Lalchand Prasad","Independent",6444,4,6448
67,"Bansgaon","NOTA","None of the Above",14060,33,14093
68,"Lalganj","Trilokinath","Communist Party of India",8838,5,8843
68,"Lalganj","Neelam Sonker","Bharatiya Janata Party",356328,895,357223
68,"Lalganj","Pankaj Mohan Sonkar","Indian National Congress",17603,27,17630
68,"Lalganj","Sangeeta Azad","Bahujan Samaj Party",517545,1275,518820
68,"Lalganj","Engineer Ajeet Sonkar","Aam Aadmi Party",4517,3,4520
68,"Lalganj","Chandrashekhar","Bharat Prabhat Party",1608,0,1608
68,"Lalganj","Dr. Deelip Kumar Saroj","Suheldev Bharatiya Samaj Party",17924,3,17927
68,"Lalganj","Pintoo","Kanshiram Bahujan Dal",1642,0,1642
68,"Lalganj","Radheshyam Gautam","Rashtriya Ulama Council",6091,2,6093
68,"Lalganj","Lcchiman Kannooizya","Prithviraj Janshakti Party",1880,0,1880
68,"Lalganj","Hemraj Paswan","Pragatishil Samajwadi Party (Lohia)",2310,10,2320
68,"Lalganj","Akhilesh","Independent",3225,7,3232
68,"Lalganj","Ramchandar","Independent",7325,0,7325
68,"Lalganj","Santosh Kumar","Independent",3163,0,3163
68,"Lalganj","Subash Saroj","Independent",3282,0,3282
68,"Lalganj","NOTA","None of the Above",5041,19,5060
69,"Azamgarh","Akhilesh Yadav","Samajwadi Party",619594,1984,621578
69,"Azamgarh","Dinesh Lal Yadav Nirahua","Bharatiya Janata Party",360255,1449,361704
69,"Azamgarh","Anil Singh","Rashtriya Ulama Council",6761,2,6763
69,"Azamgarh","Abhimanyu Singh Sunny","Suheldev Bharatiya Samaj Party",10077,1,10078
69,"Azamgarh","Arvind Kumar Pandey","Nagrik Ekta Party",947,2,949
69,"Azamgarh","Ehsan Ahmed","Naitik Party",976,0,976
69,"Azamgarh","Pawan Singh Samrat","Aam Janta Party (India)",1106,0,1106
69,"Azamgarh","Pramod Tiwari","Janhit Kisan Party",3148,0,3148
69,"Azamgarh","Mohinder Kumar","Sarvshreshth Dal",2899,2,2901
69,"Azamgarh","Gorakhram Nishad","Independent",1247,3,1250
69,"Azamgarh","Gaurav Singh","Independent",1431,1,1432
69,"Azamgarh","Budhi Ram","Independent",2098,0,2098
69,"Azamgarh","Rajaram Gond","Independent",1930,1,1931
69,"Azamgarh","Rajiv Talwar","Independent",2203,1,2204
69,"Azamgarh","Dr. Rajeev Pandey","Independent",3737,2,3739
69,"Azamgarh","NOTA","None of the Above",7239,16,7255
70,"Ghosi","ATUL KUMAR SINGH","Communist Party of India",14622,22,14644
70,"Ghosi","ATUL KUMAR SINGH","Bahujan Samaj Party",572459,1370,573829
70,"Ghosi","BALKRISHNA","Indian National Congress",23695,117,23812
70,"Ghosi","HARINARAYAN","Bharatiya Janata Party",449212,2049,451261
70,"Ghosi","ABUSHAD","Akhand Samaj Party",4908,6,4914
70,"Ghosi","KISHAN LAL","Rashtriya Krantikari Samajwadi Party",3508,27,3535
70,"Ghosi","GEETA","Ambedkar Samaj Party",1361,6,1367
70,"Ghosi","PARAS","Rashtriya Jantantrik Bharat Vikas Party",1599,1,1600
70,"Ghosi","MAHENDRA","Suheldev Bharatiya Samaj Party",39842,18,39860
70,"Ghosi","SHEFKAT TAKI","Peace Party",3960,0,3960
70,"Ghosi","PRAVEEN KUMAR SINGH","Independent",1230,0,1230
70,"Ghosi","RAJESH","Independent",3653,8,3661
70,"Ghosi","SURYA KUMAR","Independent",2156,3,2159
70,"Ghosi","SURJEET KUMAR","Independent",2884,2,2886
70,"Ghosi","SANTOSH","Independent",6737,2,6739
70,"Ghosi","NOTA","None of the Above",5291,33,5324
71,"Salempur","R S KUSHWAHA","Bahujan Samaj Party",351820,2944,354764
71,"Salempur","RAVINDER","Bharatiya Janata Party",463930,3311,467241
71,"Salempur","RAJESH KUMAR MISHRA","Indian National Congress",26970,318,27288
71,"Salempur","AJIMULLAH","Peace Party",2194,10,2204
71,"Salempur","KAILASH CHAUHAN","Janta Kranti Party (Rashtravadi)",2403,10,2413
71,"Salempur","KRIPA SHANKAR PRASAD","Bharatiya Samta Samaj Party",1290,9,1299
71,"Salempur","PUJA PANDEY","Pragatishil Samajwadi Party (Lohia)",1719,33,1752
71,"Salempur","RAJARAM","Suheldev Bharatiya Samaj Party",33504,16,33520
71,"Salempur","RAMJI PRATAP JIGYASU","Hindusthan Nirman Dal",1592,2,1594
71,"Salempur","MOHD SAROOR ALI","Janata Congress",1562,1,1563
71,"Salempur","SUMESHWAR NATH TIWARI","RASHTRIYA VIKLANG PARTY",3835,1,3836
71,"Salempur","CHHOTELAL","Independent",2283,0,2283
71,"Salempur","VIDYA SHANKER PANDEY","Independent",2427,3,2430
71,"Salempur","VISHRAM","Independent",4812,1,4813
71,"Salempur","SUNIL KUMAR PANDEY","Independent",6266,1,6267
71,"Salempur","NOTA","None of the Above",7752,47,7799
72,"Ballia","Virendra Singh","Bharatiya Janata Party",464039,5075,469114
72,"Ballia","Sanatan Pandey","Samajwadi Party",450408,3187,453595
72,"Ballia","ARVIND","Bhartiya Jan Nayak Party",3895,130,4025
72,"Ballia","Uday Prakash","Janta Raj Party",1352,7,1359
72,"Ballia","GOPAL RAM KHARWAR","Gondvana Gantantra Party",3950,52,4002
72,"Ballia","Janmejay Kumar Prajapati","Bharatiya Samta Samaj Party",2442,12,2454
72,"Ballia","Vinod","Suheldev Bharatiya Samaj Party",35874,26,35900
72,"Ballia","Seema Chauhan","Janta Kranti Party (Rashtravadi)",2409,44,2453
72,"Ballia","OM PRAKASH PANDEY","Independent",1768,7,1775
72,"Ballia","Major Ramesh Chandra Upadhyay","Independent",5435,5,5440
72,"Ballia","NOTA","None of the Above",9540,75,9615
73,"Jaunpur","KRISHNA PRATAP SINGH K.P.","Bharatiya Janata Party",439292,900,440192
73,"Jaunpur","DEO VRAT MISHRA","Indian National Congress",27107,78,27185
73,"Jaunpur","SHYAM SINGH YADAV","Bahujan Samaj Party",520046,1082,521128
73,"Jaunpur","AJAY KUMAR SHARMA","Moulik Adhikar Party",6390,2,6392
73,"Jaunpur","ANIL","Hum Sabki Party",1432,0,1432
73,"Jaunpur","COM. ASHOK KUMAR KHARWAR","SOCIALIST UNITY CENTRE OF INDIA (COMMUNIST)",1593,0,1593
73,"Jaunpur","BRIJESH KUMAR","Suheldev Bharatiya Samaj Party",5465,1,5466
73,"Jaunpur","NAVIN","Voters Party  International",945,1,946
73,"Jaunpur","MOTIUDDIN","Rashtriya Ulama Council",2960,0,2960
73,"Jaunpur","RAJESH KUMAR","Rashtriya Samaj Paksha",2195,2,2197
73,"Jaunpur","RUKMNI DEVI","Pragatisheel Manav Samaj Party",2162,1,2163
73,"Jaunpur","VINOD KUMAR","Andaman & Nicobar Janta Party",2017,0,2017
73,"Jaunpur","VISHOK KUMAR VISHWAKARMA","Nationalist Janshakti Party",2446,1,2447
73,"Jaunpur","SHESHMANI MAURYA","Hindusthan Nirman Dal",3838,2,3840
73,"Jaunpur","SHYAMLAL","Bharat Prabhat Party",1730,1,1731
73,"Jaunpur","SUNIL KUMAR","Rashtriya Jan Gaurav Party",5768,0,5768
73,"Jaunpur","SANGEETA DEVI","Pragatishil Samajwadi Party (Lohia)",3747,5,3752
73,"Jaunpur","ASHOK KUMAR","Independent",1187,0,1187
73,"Jaunpur","PRADEEP KUMAR PANDEY","Independent",4924,0,4924
73,"Jaunpur","MADHAVENDRA PUSHKAR SINGH","Independent",890,1,891
73,"Jaunpur","NOTA","None of the Above",2426,15,2441
74,"Machhlishahr","Tribhuvan Ram (T.Ram)","Bahujan Samaj Party",486763,1453,488216
74,"Machhlishahr","Bholanath (B.P. Saroj)","Bharatiya Janata Party",487093,1304,488397
74,"Machhlishahr","Dr. Amarnath Paswan","Jan Adhikar Party",7617,5,7622
74,"Machhlishahr","Garib","Mahamukti Dal",2476,1,2477
74,"Machhlishahr","Chanchal Kumar","Rashtriya Samaj Paksha",2615,5,2620
74,"Machhlishahr","Jitendra","Bhartiya Manav Samaj Party",1422,3,1425
74,"Machhlishahr","Dasharath","Prithviraj Janshakti Party",1310,0,1310
74,"Machhlishahr","Deep Chand Ram Urf B.D.O Sahab","Kanshiram Bahujan Dal",2806,8,2814
74,"Machhlishahr","Nandlal","Bharat Prabhat Party",1491,0,1491
74,"Machhlishahr","Brijesh Kumar","Republican Party of India",1999,0,1999
74,"Machhlishahr","Rajkeshar","Sajag Samaj Party",2038,3,2041
74,"Machhlishahr","Raj Nath","Suheldev Bharatiya Samaj Party",11212,11,11223
74,"Machhlishahr","Ram Naresh","Moulik Adhikar Party",4272,1,4273
74,"Machhlishahr","Gangaram","Independent",3167,1,3168
74,"Machhlishahr",""Deepak Kumar ""Nanhe"""","Independent",5018,1,5019
74,"Machhlishahr","NOTA","None of the Above",10812,18,10830
75,"Ghazipur","AJIT PRATAP KUSHAWAHA","Indian National Congress",19656,178,19834
75,"Ghazipur","AFZAL ANSARI","Bahujan Samaj Party",564144,1938,566082
75,"Ghazipur","BHANU PRAKASH PANDEY","Communist Party of India",7833,11,7844
75,"Ghazipur","MANOJ SINHA","Bharatiya Janata Party",443188,3502,446690
75,"Ghazipur","ISHWARI PRASAD KUSHWAHA","Communist Party of India  (Marxist-Leninist)  (Liberation)",4935,11,4946
75,"Ghazipur","BRIJENDRA KUMAR VERMA","Kisan Mazdoor Sangharsh Party",1015,4,1019
75,"Ghazipur","BHARAT","Janta Raj Party",949,0,949
75,"Ghazipur","RAJESH KUMAR YADAV","Pragatisheel Manav Samaj Party",1813,9,1822
75,"Ghazipur","Dr. RAJESH KUMAR SINGH","Bhartiya Jan Nayak Party",1226,6,1232
75,"Ghazipur","RAMJI","Suheldev Bharatiya Samaj Party",33868,9,33877
75,"Ghazipur","RAMPRAVESH SHARMA ALIAS RINKOO","Moulik Adhikar Party",3388,4,3392
75,"Ghazipur","VED PRAKASH","Nationalist Janshakti Party",2396,4,2400
75,"Ghazipur","SANTOSH KUMAR YADAV","Pragatishil Samajwadi Party (Lohia)",2429,19,2448
75,"Ghazipur","HRIDAYA NARAYAN SINGH","Independent",6219,2,6221
75,"Ghazipur","NOTA","None of the Above",6831,40,6871
76,"Chandauli","Dr. Mahendra Nath Pandey","Bharatiya Janata Party",508113,2620,510733
76,"Chandauli","Sanjay Singh Chauhan","Samajwadi Party",494689,2085,496774
76,"Chandauli","Arjun Pandey","Atulya Bharat Party",4086,10,4096
76,"Chandauli","Krishna Pratap Singh","Samagra Utthan Party",2741,3,2744
76,"Chandauli","Jangbahadur","Bhartiya Manav Samaj Party",1166,6,1172
76,"Chandauli","Byasmuni","Kanshiram Bahujan Dal",829,9,838
76,"Chandauli","Mahendra Pratap Singh","Al-Hind Party",1127,0,1127
76,"Chandauli","Mahender Yadav","Pragatisheel Manav Samaj Party",4218,7,4225
76,"Chandauli","Rajesh Vishwakarma","Moulik Adhikar Party",3077,4,3081
76,"Chandauli","Ramgovind","Suheldev Bharatiya Samaj Party",18971,14,18985
76,"Chandauli","Shivkanya Kushwaha","Jan Adhikar Party",22190,101,22291
76,"Chandauli","Shivratri","Prithviraj Janshakti Party",2260,1,2261
76,"Chandauli","Liyakat Ali","Independent",5411,5,5416
76,"Chandauli","NOTA","None of the Above",11182,36,11218
77,"Varanasi","AJAY RAI","Indian National Congress",152456,92,152548
77,"Varanasi","NARENDRA MODI","Bharatiya Janata Party",673453,1211,674664
77,"Varanasi","SHALINI YADAV","Samajwadi Party",194763,396,195159
77,"Varanasi","ANIL KUMAR CHAURASIYA","Janhit Kisan Party",2756,2,2758
77,"Varanasi","AMRESH MISHRA","Bharat Prabhat Party",555,0,555
77,"Varanasi","AASHIN U. S.","Indian Gandhiyan Party",503,1,504
77,"Varanasi","ASHUTOSH KUMAR PANDEY","Mera Adhikaar Rashtriya Dal",498,1,499
77,"Varanasi","UMESH CHANDRA KATIYAR","Al-Hind Party",637,0,637
77,"Varanasi","TIRBHUWAN SHARMA","Bharatiya Rashtravadi Samanta Party",1694,1,1695
77,"Varanasi","ADVOCATE PREM NATH SHARMA","Moulik Adhikar Party",1603,3,1606
77,"Varanasi","BRAJENDRA DUTT TRIPATHI","Adarshwaadi Congress Party",838,0,838
77,"Varanasi","Dr. RAKESH PRATAP","Bharatiya Jan Kranti Dal (Democratic)",907,0,907
77,"Varanasi","RAJESH BHARTI SURYA","Rashtriya Ambedkar Dal",1257,1,1258
77,"Varanasi","RAMSHARAN","Vikas Insaf Party",1236,1,1237
77,"Varanasi","Dr. SHEKH SIRAJ BABA","Rashtriya Matadata Party",1771,0,1771
77,"Varanasi","SURENDRA RAJBHAR","Suheldev Bharatiya Samaj Party",8890,2,8892
77,"Varanasi","HARI BHAI PATEL","Aam Janta Party (India)",1339,1,1340
77,"Varanasi","HEENA SHAHID","Janhit Bharat Party",1914,0,1914
77,"Varanasi","ATEEK AHMAD","Independent",854,1,855
77,"Varanasi","ISHWAR DAYAL SINGH SETH","Independent",657,0,657
77,"Varanasi","CHANDRIKA PRASAD","Independent",331,0,331
77,"Varanasi","MANISH SHRIVASTAVA","Independent",350,0,350
77,"Varanasi","MANOHAR ANANDRAO PATIL","Independent",2134,0,2134
77,"Varanasi","MAANAV","Independent",1434,1,1435
77,"Varanasi","SUNNAM ISTARI","Independent",798,0,798
77,"Varanasi","SUNIL KUMAR","Independent",1097,0,1097
77,"Varanasi","NOTA","None of the Above",4019,18,4037
78,"Bhadohi","Akhilesh","Nationalist Congress Party",4558,12,4570
78,"Bhadohi","RAMAKANT","Indian National Congress",25508,96,25604
78,"Bhadohi","RAMESH CHAND","Bharatiya Janata Party",508989,1040,510029
78,"Bhadohi","RANGNATH MISHRA","Bahujan Samaj Party",465412,1002,466414
78,"Bhadohi","Dr Rajesh Kumar Verma","Peoples Party of India (Democratic)",4647,1,4648
78,"Bhadohi","VINOD","Hindusthan Nirman Dal",1943,0,1943
78,"Bhadohi","KULDEEP","Independent",1644,2,1646
78,"Bhadohi","RAM SAKHA","Independent",1764,0,1764
78,"Bhadohi","Satish Bahadur","Independent",1819,0,1819
78,"Bhadohi","SUSHIL","Independent",4052,0,4052
78,"Bhadohi","SAIYYAD MOHAMMAD ARIF","Independent",5050,0,5050
78,"Bhadohi","SANTLAL","Independent",2764,0,2764
78,"Bhadohi","NOTA","None of the Above",9079,8,9087
79,"Mirzapur","Ramcharitra Nishad","Samajwadi Party",359208,348,359556
79,"Mirzapur","Lalitesh Pati Tripathi","Indian National Congress",91392,109,91501
79,"Mirzapur","Archana Mishra","Satya Bahumat Party",9165,41,9206
79,"Mirzapur","Anupriya Singh Patel","Apna Dal (Soneylal)",590867,697,591564
79,"Mirzapur","Adesh Tyagi","Bharat Prabhat Party",7866,55,7921
79,"Mirzapur","Ashish Kumar Tripathi","Pragatishil Samajwadi Party (Lohia)",4013,11,4024
79,"Mirzapur","Jeera Devi","Communist Party of India  (Marxist-Leninist)  (Liberation)",8545,8,8553
79,"Mirzapur","Dinesh Kumar Pal","Rashtriya Samaj Paksha",7135,10,7145
79,"Mirzapur","Radheshyam Inshan","Bhartiya Republican Party (Insan)",14136,6,14142
79,"Mirzapur","NOTA","None of the Above",15333,20,15353
80,"Robertsganj","ASHOK KUMAR KANAUJIYA","Communist Party of India",17445,21,17466
80,"Robertsganj","BHAGWATI PRASAD CHAUDHARI","Indian National Congress",35222,47,35269
80,"Robertsganj","BHAI LAL","Samajwadi Party",393304,274,393578
80,"Robertsganj","ANITA KOL","Janata Dal  (United)",6597,86,6683
80,"Robertsganj","ANUJ KUMAR KANAUJIA","Bhartiya Lokmat Rashtrwadi Party",18333,5,18338
80,"Robertsganj","KAILASH NATH","Suheldev Bharatiya Samaj Party",4813,4,4817
80,"Robertsganj","S R DARAPURI","All India Peoples' Front (Radical)",11029,3,11032
80,"Robertsganj","PAKAURI LAL KOL","Apna Dal (Soneylal)",447691,223,447914
80,"Robertsganj","RUBY PRASAD","Pragatishil Samajwadi Party (Lohia)",9120,10,9130
80,"Robertsganj","Sunil Kumar","Bharat Prabhat Party",5787,6,5793
80,"Robertsganj","PRABHUDAYAL","Independent",8357,1,8358
80,"Robertsganj","Vidya Prakash Kureel","Independent",8788,3,8791
80,"Robertsganj","NOTA","None of the Above",21103,15,21118
