Party Type,Party Name,Contested,Won,Forfitted,Votes,Total Valid Votes,Votes in %,Total Valid Votes in Seat Contested, VOTE % IN SEATS CONTESTED
N,Bharatiya Janata Party,384,312,5,34403299,86728324,39.66789327094572,82766488,41.566701489134104
N,Bahujan Samaj Party,403,19,81,19281340,86728324,22.231883553981742,86728324,22.231883553981742
N,Communist Party of India,68,0,68,138764,86728324,0.15999847985071175,14360817,0.9662681447719862
N,Communist Party of India  (Marxist),26,0,26,35207,86728324,0.04059458130425765,5681973,0.6196263164221301
N,Indian National Congress,114,7,29,5416540,86728324,6.245410668837553,24515458,22.09438632555835
N,Nationalist Congress Party,30,0,30,33494,86728324,0.038619448013315696,6423305,0.5214449570742787
O,All India Forward Bloc,6,0,6,3107,86728324,0.003582451333891798,1314407,0.2363803601167675
O,All India Majlis-E-Ittehadul Muslimeen,38,0,37,204142,86728324,0.235381004249546,8298316,2.4600412903051656
O,Rashtriya Lok Samta Party,8,0,8,2229,86728324,0.0025700946325216663,1810190,0.12313624536650848
O,Indian Union Muslim League,3,0,3,1091,86728324,0.001257951208650129,649224,0.16804677584316047
O,Shivsena,57,0,56,88595,86728324,0.10215232569235398,12417967,0.7134420634231029
S,Rashtriya Lok Dal,277,1,266,1545811,86728324,1.7823600511408477,59703076,2.589164752583267
S,Samajwadi Party,311,47,25,18923769,86728324,21.819594945706548,66824584,28.318573595609664
U,Aajad Bharat Party (Democratic),1,0,1,1536,86728324,0.0017710477144698429,207329,0.7408514968962374
U,Adarshwaadi Congress Party,3,0,3,1404,86728324,0.0016188483015075906,668004,0.21017838216537627
U,Aam Janata Party,1,0,1,1080,86728324,0.0012452679242366082,186719,0.5784092674018178
U,Aadhi Aabadi Party,2,0,2,550,86728324,0.0006341642206760503,386812,0.14218793625844078
U,Aadim Samaj Party,2,0,2,1780,86728324,0.002052386023278854,434527,0.4096408278426887
U,Abhay Samaj Party,1,0,1,879,86728324,0.001013509727225906,243886,0.3604142919232756
U,Akhil Bharat Hindu Mahasabha,6,0,6,4095,86728324,0.0047216408793971385,1277057,0.32065914050821537
U,Akhil Bharatiya Jan Sangh,1,0,1,544,86728324,0.0006272460655414026,226447,0.24023281385931367
U,Akhil Bharat Samagra Kranti Party,1,0,1,486,86728324,0.0005603705659064736,206622,0.23521212649185466
U,Akhil Bhartiya Vikas Congress Party,4,0,4,1049,86728324,0.0012095241227075943,842019,0.12458151181861692
U,Apna Dal,2,0,2,994,86728324,0.0011461077006399893,427181,0.23268825158422307
U,Apna Dal (Soneylal),11,9,0,851336,86728324,0.9816124199517564,2171444,39.20598458905687
U,Adhikar Party,1,0,1,1635,86728324,0.0018851972741915316,217488,0.7517656146546016
U,Apna Desh Party,3,0,3,2136,86728324,0.0024628632279346248,675713,0.3161105380538779
U,Adarsh Samaj Party,5,0,5,1541,86728324,0.0017768128437487157,1214707,0.12686186874694885
U,Apna Dal United Party,4,0,4,2811,86728324,0.003241155680582505,817299,0.3439377755264597
U,Adarsh Vyawastha Party,2,0,2,899,86728324,0.0010365702443413988,351786,0.2555530919365751
U,New All India Congress Party,1,0,1,128,86728324,0.00014758730953915355,234190,0.05465647551133694
U,All India Jan Congress Party,1,0,1,576,86728324,0.000664142892926191,214243,0.2688535914825688
U,All India Minorities Front,1,0,1,375,86728324,0.00043238469591548893,245771,0.15258106123179707
U,All India Peoples' Front (Radical),1,0,1,1631,86728324,0.0018805851707684334,162843,1.001578207230277
U,All India Pichhada Jan Samaj Party,3,0,3,1237,86728324,0.0014262929835932262,653761,0.18921287748886825
U,Aam Janta Party Rashtriya,1,0,1,250,86728324,0.0002882564639436593,200152,0.12490507214516969
U,Akhil Bhartiya Swarajya Dal,2,0,2,3012,86728324,0.003472913877593207,365471,0.8241419975866758
U,Akhand Samaj Party,2,0,2,603,86728324,0.0006952745910321062,396069,0.15224619952584018
U,Adarsh Lok Dal,1,0,1,484,86728324,0.0005580645141949243,175664,0.27552600418981693
U,Al-Hind Party,3,0,3,908,86728324,0.0010469474770433706,604032,0.15032316168679805
U,Azad Mazdoor Kissan Party,1,0,1,560,86728324,0.0006456944792337968,203438,0.2752681406620199
U,Ambedkar National Congress,1,0,1,519,86728324,0.0005984204191470366,192961,0.2689662677950467
U,Ambedkarite Party of India,2,0,2,1445,86728324,0.0016661223615943507,451597,0.3199755534248456
U,Akhand Rashtrawadi Party,1,0,1,433,86728324,0.0004992601955504178,170655,0.25372828220679144
U,Awami Samta Party,3,0,3,2757,86728324,0.0031788922843706746,670215,0.41136053356012625
U,Ambedkar Samaj Party,13,0,13,8029,86728324,0.009257644596014561,2820099,0.28470631704773486
U,Asankhya Samaj Party,5,0,5,2361,86728324,0.0027222940454839184,948575,0.24889966528740481
U,AARAKSHAN VIRODHI PARTY,4,0,4,2345,86728324,0.0027038456317915243,909459,0.25784559831724135
U,Awami Vikas Party,1,0,1,280,86728324,0.0003228472396168984,198692,0.14092162744348036
U,Ambedkar Yug Party,2,0,2,908,86728324,0.0010469474770433706,400996,0.22643617392692195
U,Apni Zindgi Apna Dal,3,0,3,2672,86728324,0.0030808850866298303,891056,0.2998689195740784
U,Bhartiya Harit Party,1,0,1,1586,86728324,0.0018286990072585744,222149,0.7139352416621276
U,Bahujan Maha Party,4,0,4,3030,86728324,0.0034936683429971503,812963,0.3727106891703559
U,Bhartiya Janta Dal,1,0,1,349,86728324,0.0004024060236653484,221755,0.15738089332822258
U,Bhartiya  Sarvjan Party,6,0,6,3948,86728324,0.004552146078598268,1152854,0.342454465179459
U,Bhartiya Sarvodaya Party,7,0,7,3918,86728324,0.004517555302925028,1576613,0.24850740162614413
U,Bhartiya Vanchitsamaj Party,2,0,2,1098,86728324,0.0012660223896405515,404880,0.2711914641375222
U,Bahujan Awam Party,5,0,5,3224,86728324,0.0037173553590174302,1032828,0.3121526527166188
U,Bharatiya Bahujan Parivartan  Party,7,0,7,3113,86728324,0.0035893694890264454,1633509,0.1905713405925526
U,Bharatiya Chhatrasangh Bharat,1,0,1,1135,86728324,0.0013086843463042132,225234,0.5039203672624915
U,Bharatrashtra Democratic Party,3,0,3,1911,86728324,0.0022034324103853316,613901,0.3112879764001036
U,Bharatiya Democratic  Socialist Alliance  Party,2,0,2,1166,86728324,0.001344428147833227,496141,0.23501383679236346
U,Bharatiya Eklavya Party,2,0,2,1003,86728324,0.0011564849333419612,424032,0.23653875179231756
U,Bhartiya Bhaichara Party,3,0,3,1727,86728324,0.0019912756529227985,691975,0.24957549044401892
U,Bhartiya Insan Party,2,0,2,489,86728324,0.0005638296434737975,332134,0.14722973257781496
U,Bhartiya Jan Sahyog Party,1,0,1,642,86728324,0.0007402425994073171,255622,0.2511520917604901
U,Bharat Kalyan Party,9,0,9,4270,86728324,0.004923420404157701,1948775,0.21911200626034302
U,Bhartiya Nav Vikas Party,1,0,1,341,86728324,0.00039318181681915126,190590,0.17891809643737866
U,Bharat Nyay Dal,2,0,2,544,86728324,0.0006272460655414026,412951,0.13173475787684252
U,Bhartiya Sangam Party,1,0,1,857,86728324,0.000988143158398864,205266,0.41750703964611774
U,Bharti Samudaya Party,2,0,2,1475,86728324,0.0017007131372675898,480254,0.3071291441612147
U,Bharatiya Samrat Subhash  Sena,1,0,1,609,86728324,0.000702192746166754,193307,0.3150429110171903
U,Bhartiya Tarak Samaj Party,9,0,9,4620,86728324,0.005326979453678824,2100697,0.21992700517970942
U,Bhartiya Imaandar Party,3,0,3,2441,86728324,0.002814536113945889,649483,0.3758373968217798
U,Bhagidari Kranti Dal,1,0,1,537,86728324,0.0006191748845509802,217554,0.24683526848506576
U,Bahujan Samaj Vikas Party,1,0,1,581,86728324,0.0006699080222050642,203355,0.28570726070172847
U,Bharat (Integrated) Rakshak Party,2,0,2,1427,86728324,0.001645367896190407,394167,0.3620292921528185
U,Bharatiya Jan Berojgar Chhatra Dal,1,0,1,904,86728324,0.001042335373620272,186719,0.48414997938078075
U,Bharat Janta Dal (Tughlaq),2,0,2,285,86728324,0.00032861236889577156,411949,0.06918332123636664
U,Bhartiya Janta Dal (Integrated),1,0,1,365,86728324,0.00042085443735774254,191614,0.19048712515786947
U,Bharatiya Jan Kranti Dal (Democratic),1,0,1,1244,86728324,0.0014343641645836486,209933,0.5925700104318997
U,Bharatiya Jan Sabha,1,0,1,234,86728324,0.0002698080502512651,191614,0.1221205131149081
U,Bharatiya Janvadi Party,1,0,1,182,86728324,0.00020985070575098397,225856,0.08058231793709267
U,Bhartiya Kisan Janshakti Party,1,0,1,979,86728324,0.0011288123128033699,241733,0.4049922848762892
U,Bharatiya Kisan Parivartan Party,1,0,1,218,86728324,0.00025135963655887087,232278,0.09385305539052342
U,Bhartiya Krishak Dal,11,0,11,6569,86728324,0.007574226846583591,2352307,0.2792577669496371
U,Bharat Kranti Rakshak Party,8,0,8,5904,86728324,0.006807464652493458,1636365,0.3607996993335839
U,Bharatiya Karyasth Sena,3,0,3,1143,86728324,0.0013179085531504103,548637,0.20833447252008155
U,Bharatiya Kisan Sena Loktantrik,1,0,1,292,86728324,0.00033668354988619404,198734,0.1469300673261747
U,Bharat Lok Sewak Party,1,0,1,177,86728324,0.00020408557647211078,215602,0.0820957133978349
U,Dr. Bhimrao Ambedkar Dal,3,0,3,1104,86728324,0.0012729405447751995,764313,0.14444344136499052
U,Bharatiya Momin Front,5,0,5,1639,86728324,0.0018898093776146304,1071991,0.15289307466200744
U,Bharat Mata Party,1,0,1,704,86728324,0.0008117302024653446,197724,0.35605187028382995
U,Bahujan Mukti Party,182,0,182,152838,86728324,0.176226165744884,38276022,0.3993048180398684
U,Bhartiya Navodaya Party,1,0,1,774,86728324,0.0008924420123695691,220994,0.350235753006869
U,Bhartiya Naujawan Inklav Party,1,0,1,204,86728324,0.000235217274578026,198613,0.1027123098689411
U,Bahujan Party,1,0,1,120,86728324,0.00013836310269295645,154222,0.07780991038891986
U,Bharatiya Rashtriya Bahujan Samaj Vikas Party,1,0,1,857,86728324,0.000988143158398864,170655,0.5021827664000469
U,Bhartiya Rashtriya Jansatta,4,0,4,3843,86728324,0.00443107836374193,865050,0.4442517773539102
U,Brij Kranti Dal,1,0,1,154,86728324,0.00017756598178929412,217225,0.07089423408907815
U,Bhartiya Republican Party (Insan),2,0,2,952,86728324,0.0010976806146974546,444326,0.2142570995170213
U,Bhartiya Shakti Chetna Party,38,0,38,35379,86728324,0.04079290175145089,8212416,0.43079892689313354
U,Bharatiya Samaj Dal,3,0,3,1674,86728324,0.0019301652825667425,636785,0.2628830767056385
U,Bhartiya Samajik Kranti Dal,1,0,1,452,86728324,0.000521167686810136,219858,0.2055872426748174
U,Bharatiya Swajivi Nagrik Party,1,0,1,433,86728324,0.0004992601955504178,164353,0.2634573144390428
U,Bahujan Sangharsh Party (Kanshiram),1,0,1,647,86728324,0.0007460077286861903,175664,0.3683167865925859
U,Bharatiya Subhash Sena,91,0,91,66412,86728324,0.07657475313370521,19817660,0.33511524569500134
U,Bundelkhand Kranti Dal,1,0,1,672,86728324,0.0007748333750805561,242146,0.2775185218834918
U,Communist Party of India  (Marxist-Leninist)  (Liberation),29,0,29,27916,86728324,0.03218786978980477,6328481,0.44111691257349117
U,Desh Shakti Party,4,0,4,2928,86728324,0.0033760597057081376,829516,0.3529769166598354
U,Deshbhakt Nirman Party,1,0,1,341,86728324,0.00039318181681915126,214219,0.15918289227379456
U,Eklavya Samaj Party,1,0,1,712,86728324,0.0008209544093115416,245295,0.29026274485823195
U,Federal Democratic Party,2,0,2,667,86728324,0.000769068245801683,400510,0.16653766447779084
U,Fauji Janta Party,6,0,6,2667,86728324,0.003075119957350957,1144370,0.23305399477441735
U,Gandhi Ekta Party,1,0,1,329,86728324,0.0003793455065498556,227886,0.1443704308294498
U,Gondvana Gantantra Party,11,0,11,12512,86728324,0.01442665950745226,2185000,0.5726315789473685
U,Gareeb Kranti Party,5,0,5,2552,86728324,0.002942521983936874,1081966,0.23586693112352883
U,Hamari Apni Party,5,0,5,3387,86728324,0.003905298573508696,1052448,0.32182112560430537
U,Hind Congress Party,1,0,1,568,86728324,0.0006549186860799939,265281,0.21411258250685125
U,Hind Vikas Party,1,0,1,200,86728324,0.00023060517115492744,230392,0.08680856974200493
U,Hindustan Utthan Party,1,0,1,626,86728324,0.0007217941857149228,213096,0.29376431279798776
U,Hindustan Janmorcha,1,0,1,793,86728324,0.0009143495036292872,168628,0.470265910762151
U,Hind Jan Congress,1,0,1,183,86728324,0.0002110037316067586,242146,0.07557424033434375
U,Hindustan Krantikari Dal,1,0,1,355,86728324,0.00040932417879999616,202064,0.17568691107767836
U,Hindusthan Nirman Dal,3,0,3,1154,86728324,0.0013305918375639313,703238,0.16409807206095234
U,Hum Sabki Party,1,0,1,778,86728324,0.0008970541157926677,190590,0.4082060968571279
U,Ittehad-E-Millait Council,13,0,12,49860,86728324,0.05748986916892341,2753689,1.8106619883363733
U,Islam Party Hind,1,0,1,410,86728324,0.00047274060086760126,192991,0.21244513992880495
U,Indian Savarn Samaj Party,4,0,4,1827,86728324,0.002106578238500262,896565,0.2037777517525221
U,Inqalab Vikas Dal,2,0,2,568,86728324,0.0006549186860799939,453021,0.12538050112467192
U,Jan Adhikar Manch,58,0,58,72537,86728324,0.08363703650032486,12731724,0.569734310922857
U,Jan Adhikar Party,60,0,60,52811,86728324,0.06089244846931437,12594719,0.41931066504937503
U,Jan Jan Party,1,0,1,1005,86728324,0.0011587909850535102,181709,0.5530821258165528
U,Jan Kalyan Party,1,0,1,854,86728324,0.0009846840808315402,203355,0.4199552506700106
U,Jan Adhikar Party (Loktantrik),2,0,2,1564,86728324,0.0018033324384315326,446041,0.3506404119800646
U,Jan Shakti Dal,2,0,2,768,86728324,0.0008855238572349214,505624,0.15189152413651252
U,Jan Seva Sahayak Party,3,0,3,2708,86728324,0.0031223940174377176,609316,0.444432773798817
U,Jay Hind Jay Bharat Party,5,0,5,3490,86728324,0.004024060236653484,981317,0.3556445063114162
U,Jai Hind Samaj Party,4,0,4,2590,86728324,0.00298633696645631,877807,0.2950534684731382
U,Janvadi Party(Socialist),5,0,5,2783,86728324,0.0032088709566208155,1052926,0.26431107219310757
U,Janta Raj Party,5,0,5,2036,86728324,0.0023475606423571612,1072220,0.1898864039096454
U,Jan Shakti Ekta Party,6,0,6,3267,86728324,0.003766935470815739,1333462,0.24500135736901388
U,Jan Sevak Party,2,0,2,723,86728324,0.0008336376937250626,438354,0.16493518936749751
U,Jansatta Party,3,0,3,571,86728324,0.0006583777636473178,626971,0.09107279284049821
U,Jan Sangharsh Virat Party,1,0,1,210,86728324,0.0002421354297126738,195025,0.1076785027560569
U,Justice Party,1,0,1,435,86728324,0.0005015662472619671,207329,0.20981145908194224
U,Kalyankari Jantantrik Party,1,0,1,258,86728324,0.00029748067078985636,212745,0.12127194528661074
U,Kisan Samaj Party(S),1,0,1,1300,86728324,0.0014989336125070282,222147,0.5851980895533138
U,Kisan Majdoor Berojgar Sangh,1,0,1,1138,86728324,0.001312143423871537,252621,0.4504771970659605
U,Kisan Majdoor Suraksha Party,1,0,1,405,86728324,0.00046697547158872804,235107,0.17226199134862
U,KIsan Shakti Jantantrik Party,2,0,2,1162,86728324,0.0013398160444101283,468876,0.24782671751166618
U,Kisan Kranti Dal,2,0,2,1406,86728324,0.0016211543532191398,394020,0.35683467844271866
U,Krantikari Yuva Party,1,0,1,451,86728324,0.0005200146609543613,184823,0.244017248935468
U,Lok Dal,81,0,80,181704,86728324,0.20950941009767465,17089110,1.0632736286442068
U,Lok Ekta Party,1,0,1,583,86728324,0.0006722140739166135,234587,0.24852187035087195
U,Lok Gathbandhan Party,6,0,6,4896,86728324,0.005645214589872624,1291914,0.37897259415100387
U,Loktantrik Manavatavadi Party,1,0,1,395,86728324,0.00045544521303098165,253532,0.15579887351498037
U,Labour Party of India (V.V. Prasad),1,0,1,781,86728324,0.0009005131933599916,223694,0.3491376612694127
U,Lokpriya Samaj Party,1,0,1,449,86728324,0.0005177086092428121,234958,0.19109798346938603
U,Lok Raksha Party,1,0,1,151,86728324,0.0001741069042219702,220994,0.06832764690444085
U,Lok Shahi Party (Secular),2,0,2,2811,86728324,0.003241155680582505,401939,0.6993598531120393
U,Loktantrik Samajwadi Party,1,0,1,183,86728324,0.0002110037316067586,187433,0.09763488820005016
U,Moulik Adhikar Party,16,0,16,14803,86728324,0.017068241743031953,3438162,0.4305498112072671
U,Mahakranti Dal,21,0,21,20993,86728324,0.024205471790276958,4291098,0.48922210585728876
U,Mahila Sashaktikaran Party,2,0,2,1719,86728324,0.001982051446076601,472847,0.3635425412448424
U,Manavadhikar Janshakti Party,3,0,3,959,86728324,0.001105751795687877,646701,0.14829109588511538
U,Manavtawadi Kranti Dal,2,0,2,1431,86728324,0.0016499799996135057,426902,0.33520573808508747
U,Manav Kalyan Munch,1,0,1,178,86728324,0.0002052386023278854,227695,0.0781747513120622
U,Manviya Bharat Party,2,0,2,486,86728324,0.0005603705659064736,406490,0.11956013678073261
U,Manav Kranti Party,5,0,5,1832,86728324,0.0021123433677791353,1010082,0.18137141341000038
U,Manvadhikar National Party,1,0,1,424,86728324,0.0004888829628484461,201048,0.21089491066809915
U,Mahila Swabhiman Party,1,0,1,104,86728324,0.00011991468900056226,195025,0.05332649660299961
U,Most Backward Classes Of India,14,0,14,21162,86728324,0.024400333159902872,2923852,0.7237712442353443
U,Mahan Dal,14,0,14,96087,86728324,0.11079079540381755,3068455,3.1314456298039244
U,Mahamukti Dal,4,0,4,2691,86728324,0.0031027925778895488,860740,0.31263796268327254
U,Manav Hit Party,5,0,5,3523,86728324,0.004062110089894046,1033408,0.3409108503127516
U,Majdoor Kisan Union Party,1,0,1,200,86728324,0.00023060517115492744,204405,0.09784496465350652
U,Minorities Democratic Party,1,0,1,1283,86728324,0.0014793321729588593,205962,0.6229304434798653
U,Manuvadi Party,7,0,7,4730,86728324,0.005453812297814034,1503037,0.31469617847065645
U,Moderate Party,1,0,1,657,86728324,0.0007575379872439366,183289,0.3584503161673641
U,Manavtawadi Samaj Party,10,0,10,7714,86728324,0.00889444145144555,1992713,0.3871104368767605
U,National Aman Party,1,0,1,171,86728324,0.00019716742133746296,209903,0.08146620105477292
U,National Democratic Front,1,0,1,449,86728324,0.0005177086092428121,203646,0.22048063796981035
U,National Lokmat Party,4,0,4,1977,86728324,0.002279532116866458,952370,0.2075873872549534
U,Naitik Party,4,0,4,1378,86728324,0.0015888696292574499,811302,0.16985043793803048
U,National Apni Party,1,0,1,319,86728324,0.00036781524799210923,212667,0.14999976489065064
U,Nasha Mukt Bharat Party,1,0,1,233,86728324,0.0002686550243954905,220994,0.10543272668036235
U,Naveen Samajwadi Dal,1,0,1,588,86728324,0.0006779792031954867,202123,0.2909119694443482
U,National Democratic Peoples Front,1,0,1,294,86728324,0.00033898960159774335,190590,0.15425783094600978
U,Nagrik Ekta Party,3,0,3,1099,86728324,0.001267175415496326,640672,0.17153863443384446
U,Nirbal Indian Shoshit Hamara Aam Dal,72,1,70,540539,86728324,0.6232554430545666,15089105,3.582313198827896
U,Nav Jankranti Party,2,0,2,778,86728324,0.0008970541157926677,455295,0.17087822181223164
U,Nirmal India Party,1,0,1,117,86728324,0.00013490402512563254,227695,0.05138452754781616
U,National Peace Party Secular,1,0,1,215,86728324,0.000247900558991547,176462,0.12183926284412508
U,Nirdhan Samaj Party of India,1,0,1,451,86728324,0.0005200146609543613,193753,0.23277058935861636
U,National Youth Party,3,0,3,1356,86728324,0.001563503060430408,686430,0.19754381364450857
U,Ojaswi Party,6,0,6,2980,86728324,0.003436017050208419,1386951,0.2148597895671873
U,Purvanchal Janta Dal,2,0,2,590,86728324,0.0006802852549070359,351978,0.16762411287069076
U,"Proutist Bloc, India",3,0,3,1230,86728324,0.0014182218026028038,673032,0.1827550547373676
U,Param Digvijay Dal,4,0,4,2031,86728324,0.002341795513078288,914349,0.22212524976786766
U,Peace Party,68,0,67,227998,86728324,0.2628875890649057,14655548,1.555711188691136
U,Pragatisheel Samaj Party,7,0,7,2706,86728324,0.0031200879657261684,1352205,0.20011758572109997
U,Pragatisheel Lok Manch,1,0,1,488,86728324,0.0005626766176180229,183430,0.266041541732541
U,Pichhravarg Mahapanchayat Party,8,0,8,5293,86728324,0.006102965854615155,1661915,0.3184880093145558
U,Pragatisheel Manav Samaj Party,12,0,12,17507,86728324,0.02018602365704657,2575418,0.6797731475045993
U,Poorvanchal People's Party,6,0,6,2847,86728324,0.0032826646113903917,1266529,0.22478758875635693
U,Parcham Party of India,1,0,1,687,86728324,0.0007921287629171757,224008,0.30668547551873143
U,Prajashakti Party Samdarshi,3,0,3,3122,86728324,0.003599746721728417,676698,0.4613579469719136
U,Pichhada Samanya Alpsankhyak Vyapari Kisan Party,1,0,1,395,86728324,0.00045544521303098165,201692,0.19584316680879757
U,Parivartan Samaj Party,6,0,6,5794,86728324,0.006680631808358248,1244429,0.46559506408159884
U,Poorna Swaraj Manch,3,0,3,1489,86728324,0.001716855499248435,570330,0.2610769203794295
U,Public Political Party,2,0,2,907,86728324,0.001045794451187596,355834,0.2548941360297217
U,Pashchimi Uttar Pradesh Vikas Party,1,0,1,130,86728324,0.00014989336125070284,254408,0.05109902204333197
U,Rashtriya Bandhutwa Party,1,0,1,63,86728324,7.264062891380214e-05,173242,0.036365315570127336
U,Rashtriya Congress (Babu Jagjivanram),1,0,1,211,86728324,0.00024328845556844845,276805,0.07622694676758006
U,Rashtriya Congress(J) Party,3,0,3,620,86728324,0.000714876030580275,751280,0.08252582259610265
U,Rastriya Insaaf Party,1,0,1,91,86728324,0.00010492535287549199,195025,0.04666068452762466
U,Rashtriya Jan  Adhikar Party,4,0,4,2787,86728324,0.003213483060043914,813113,0.34275678780194146
U,Rashtriya Janadhar  Party,15,0,15,10008,86728324,0.011539482764592568,3258764,0.307110303170159
U,Rajlok Party,2,0,2,1022,86728324,0.001178392424601679,454185,0.22501843962262075
U,Rastriya Aam Jan Seva Party,2,0,2,3338,86728324,0.0038488003065757386,381276,0.8754812786537836
U,Rashtriya Lokshakti Party,1,0,1,473,86728324,0.0005453812297814034,250840,0.18856641683941955
U,Rashtriya Shahri Vikas Party,13,0,13,6866,86728324,0.00791667552574866,2838889,0.24185517644402438
U,Rashtrawadi Janwadi Manch,1,0,1,519,86728324,0.0005984204191470366,213948,0.2425823097201189
U,Rashtriya Bahujan Congress Party,4,0,4,2867,86728324,0.0033057251285058846,861838,0.33266112656903035
U,Rashtriya Garib Dal,1,0,1,523,86728324,0.0006030325225701351,218831,0.23899721703049384
U,Rashtriya Janadhikar Party,2,0,2,1095,86728324,0.0012625633120732277,428082,0.25579211459486734
U,Rashtriya Jantantrik Bharat Vikas Party,1,0,1,238,86728324,0.00027442015367436364,193151,0.12321965715942448
U,Rashtriya Janhit Sangharsh Party,4,0,4,3433,86728324,0.00395833776287433,1006359,0.3411307495635255
U,Rashtriya Kisan Vikas Party,1,0,1,464,86728324,0.0005350039970794316,265281,0.17490887021686438
U,Rashtriya Kisan Majdoor Party,21,0,21,27406,86728324,0.03159982660335971,4840148,0.5662223551841803
U,Rashtriya Krantikari Samajwadi Party,7,0,7,7522,86728324,0.00867306048713682,1595689,0.47139511521355354
U,Rashtriya Lokraj Party,3,0,3,792,86728324,0.0009131964777735127,723857,0.10941387594511069
U,Rashtriya Mazdoor Ekta Party,2,0,2,802,86728324,0.000924726736331259,512711,0.15642340421797074
U,Rashtriya mahan Gantantra Party,7,0,7,3893,86728324,0.004488729656530663,1499702,0.2595849042009679
U,Rashtriya Mahila Janshakti Party,1,0,1,125,86728324,0.00014412823197182964,234190,0.05337546436653998
U,Rashtriya Parivartan Dal,3,0,2,59194,86728324,0.06825221250672386,690621,8.571126565800924
U,Rashtrawadi Praja Dal,1,0,1,677,86728324,0.0007805985043594294,215867,0.31361903394219587
U,Republican Party of India,5,0,5,1949,86728324,0.0022472473929047677,1005413,0.19385068623540774
U,Republican Party of India (A),19,0,19,12863,86728324,0.014831371582829156,4142401,0.31052039626294026
U,Republican Party of India Ektavadi,1,0,1,202,86728324,0.0002329112228664767,284202,0.07107620636026489
U,Republican Sena,2,0,2,1832,86728324,0.0021123433677791353,421223,0.4349240188688652
U,Rashtriya Sarvajan Party,2,0,2,1520,86728324,0.0017525993007774484,537915,0.28257252539899425
U,Rashtriya Apna Dal,2,0,2,1203,86728324,0.0013870901044968885,417232,0.2883287954902788
U,Rashtriya Sawarn Dal,3,0,3,889,86728324,0.0010250399857836523,695261,0.12786565045357068
U,Rashtriya Janshanti Party,4,0,4,2238,86728324,0.002580471865223638,874472,0.2559258615484544
U,Rashtravadi Pratap Sena,11,0,11,10947,86728324,0.01262217404316495,2430873,0.45033204120494985
U,Rashtravyapi Janta Party,9,0,9,4858,86728324,0.005601399607353187,1984824,0.24475721776842682
U,Rashtriya Samanta Dal,2,0,2,361,86728324,0.00041624233393464403,483585,0.0746507852807676
U,Rashtriya Shoshit Samaj Party,6,0,6,6377,86728324,0.007352845882274861,1480421,0.4307558458033222
U,Rashtriya Samajwadi Party  (Secular),1,0,1,263,86728324,0.00030324580006872953,253071,0.10392340489427869
U,Rashtriya Samaj Paksha,12,0,12,10834,86728324,0.012491882121462418,2531819,0.42791368577295613
U,Rashtriya Janpriya Party,2,0,2,1086,86728324,0.0012521860793712558,468812,0.2316493605112497
U,Rashtriya Kranti Party,8,0,8,6709,86728324,0.007735650466392041,1705686,0.3933314807062964
U,Rashtriya Janta Party,1,0,1,2053,86728324,0.00236716208190533,196623,1.0441301373694838
U,Rashtriya Samajwadi Jankranti Party,1,0,1,279,86728324,0.00032169421376112374,227600,0.1225834797891037
U,Rashtriya Ulama Council,3,0,3,1069,86728324,0.001232584639823087,538357,0.1985671218169356
U,Rashtriya Vikalp Party,4,0,4,4652,86728324,0.005363876281063612,952347,0.48847741421981694
U,RASHTRIYA VIKLANG PARTY,5,0,5,3147,86728324,0.003628572368122783,1116296,0.28191447429713984
U,Rashtriya Vikas Manch Party,2,0,2,691,86728324,0.0007967408663402743,455581,0.1516744552560357
U,Rashtravadi Janata Party,1,0,1,429,86728324,0.0004946480921273193,208332,0.20592131789643453
U,Sarvodaya Bharat Party,9,0,9,4116,86728324,0.004745854422368406,1931741,0.21307204226653573
U,Sarvshreshth Dal,1,0,1,856,86728324,0.0009869901325430892,181500,0.47162534435261705
U,Samajwadi Janata Party (ChandraShekhar),11,0,11,5769,86728324,0.006651806161963881,2425708,0.23782747140216384
U,Saman Adhikar Party,1,0,1,136,86728324,0.00015681151638535066,226634,0.06000864830519693
U,Sampoorna Samaj Party,3,0,3,1781,86728324,0.0020535390491346287,669697,0.2659411644370514
U,Sanyukt Vikas Party,1,0,1,438,86728324,0.000505025324829291,215019,0.20370292857840472
U,Samaj Parivartan Party,1,0,1,329,86728324,0.0003793455065498556,204332,0.16101246990192433
U,Samtawadi Republican Party,3,0,3,1345,86728324,0.0015508197760168868,631497,0.2129859682627154
U,Sarv Sambhaav Party,30,0,30,30485,86728324,0.035149993213289814,6463659,0.4716368855473347
U,Samajwadi Samaj Party,1,0,1,787,86728324,0.0009074313484946394,168628,0.4667077828118699
U,Samaj Seva Party,1,0,1,668,86728324,0.0007702212716574576,224008,0.2982036355844434
U,Samaj Sevak Party,1,0,1,208,86728324,0.0002398293780011245,187433,0.11097298768093132
U,Sarvjan Samta Party,4,0,4,2043,86728324,0.0023556318233475836,1001095,0.20407653619286878
U,Satya Kranti Party,2,0,2,850,86728324,0.0009800719774084416,427088,0.19902221556213237
U,Satya Shikhar Party,2,0,2,1129,86728324,0.0013017661911695654,432197,0.26122346985286804
U,Suheldev Bhartiya Samaj Party,8,4,0,607911,86728324,0.7009371010098154,1780501,34.14269354524372
U,Sabka Dal United,9,0,9,11074,86728324,0.012768608326848332,1975765,0.5604917588883293
U,Shoshit Sandesh Party,2,0,2,2749,86728324,0.0031696680775244773,479687,0.5730820305741036
U,Shoshit Samaj Party,1,0,1,746,86728324,0.0008601572884078792,200275,0.3724878292348021
U,Sarvajan Kalyan Loktantrik Party,3,0,3,2063,86728324,0.0023786923404630765,604915,0.3410396501987883
U,Socialist Party (India),3,0,3,2064,86728324,0.002379845366318851,615304,0.3354439431565535
U,Sanyukt Samajwadi Dal,3,0,3,2458,86728324,0.002834137553494058,666519,0.36878168514325926
U,Samta Samjwadi Congress Party,1,0,1,216,86728324,0.0002490535848473216,227600,0.09490333919156414
U,Shoshit Samaj Dal,6,0,6,5139,86728324,0.00592539987282586,1303491,0.39424898215637855
U,Sarva Samaj Kalyan Party,4,0,4,2421,86728324,0.0027914755968303966,943104,0.25670551710097717
U,Swachh Swasth Swawlambijan Party,1,0,1,508,86728324,0.0005857371347335157,201692,0.2518691866806814
U,SOCIALIST UNITY CENTRE OF INDIA (COMMUNIST),8,0,8,4452,86728324,0.005133271109908685,1629655,0.2731866560713771
U,Suraksha Samaj Party,1,0,1,452,86728324,0.000521167686810136,225234,0.20068018150012878
U,Swatantra Jantaraj Party,25,0,25,22230,86728324,0.025631764773870185,6077024,0.36580405145676564
U,Swabhiman Party,1,0,1,1249,86728324,0.0014401292938625216,194557,0.6419712475007324
U,Samajwadi Jan Parishad,1,0,1,366,86728324,0.0004220074632135172,246015,0.14877141637705016
U,Swarajya Party Of India,8,0,8,5281,86728324,0.006089129544345859,1628723,0.32424175258776355
U,United Democratic Front Secular,3,0,3,342,86728324,0.0003943348426749259,671693,0.05091611792887524
U,Uttarakhand Kranti Dal,1,0,1,259,86728324,0.000298633696645631,228115,0.11353922363720054
U,United National Party,1,0,1,146,86728324,0.00016834177494309702,192786,0.07573164026433454
U,Uttar Pradesh Republican Party,13,0,13,7782,86728324,0.008972847209638226,2655799,0.29301916297129416
U,VANCHITSAMAJ INSAAF PARTY,9,0,9,5182,86728324,0.00597497998462417,1943841,0.26658559007655463
U,Vaicharik Kranti Party,1,0,1,926,86728324,0.0010677019424473139,228787,0.4047432764973534
U,Vikas Party,9,0,9,5306,86728324,0.006117955190740224,1997316,0.26565651103781274
U,Voters Party  International,10,0,10,3903,86728324,0.004500259915088408,2102376,0.18564709642804142
U,Yuva Vikas Party,3,0,3,1640,86728324,0.001890962403470405,616471,0.2660303566591129
Z,Independent,1462,3,1455,2229453,86728324,2.570616953234332,82090866,2.7158356448572487
Z1,None of the Above,403,0,403,757643,86728324,0.8735819684466634,86728324,0.8735819684466634
