AC NO,Winner,Sex,Party
1,Naresh Saini,M,INC       
2,Dr.Dharam Singh Saini,M,BJP       
3,Sanjay Garg,M,SP        
4,Masood Akhtar,M,INC       
5,Brijesh,M,BJP       
6,Devender Kumar Nim,M,BJP       
7,Pradeep Kumar,M,BJP       
8,Nahid Hasan,M,SP        
9,Suresh Kumar,M,BJP       
10,Tejendra Nirwal,M,BJP       
11,Umesh Malik,M,BJP       
12,Vijay Kumar Kashyap,M,BJP       
13,Pramod Utwal,M,BJP       
14,Kapil Dev Agarwal,M,BJP       
15,Vikram Singh,M,BJP       
16,Avtar Singh Bhadana,M,BJP       
17,Tasleem Ahmad,M,SP        
18,Manoj Kumar Paras,M,SP        
19,Sushant Kumar,M,BJP       
20,Ashok Kumar Rana,M,BJP       
21,Omkumar,M,BJP       
22,Suchi,F,BJP       
23,Kamlesh Saini,F,BJP       
24,Lokendra Singh,M,BJP       
25,Rajesh Kumar Singh (Chunnu),M,BJP       
26,Navab Jan,M,SP        
27,Haji Ikram Qureshi,M,SP        
28,Ritesh Kumar Gupta,M,BJP       
29,Mohammad Rizwan,M,SP        
30,Mohd. Faeem,M,SP        
31,Gulab Devi,F,BJP       
32,Pinki Yadav,F,SP        
33,Iqbal Mehmood,M,SP        
34,Mohammad Abdullah Azam Khan,M,SP        
35,Naseer Ahmad Khan,M,SP        
36,Baldev Singh Aulakh,M,BJP       
37,Mohammad Azam Khan,M,SP        
38,Rajbala,F,BJP       
39,Rajeev Kumar,M,BJP       
40,Chetan Chauhan,M,BJP       
41,Mehboob Ali,M,SP        
42,Mahendra Singh Khargvanshi,M,BJP       
43,Jitendra Pal Singh (Billu),M,BJP       
44,Sangeet Singh Som,M,BJP       
45,Dinesh Khatik,M,BJP       
46,Satyavir Tyagi,M,BJP       
47,Satya Prakash Agarwal,M,BJP       
48,Rafiq Ansari,M,SP        
49,Dr. Somendra Tomar,M,BJP       
50,Sahender Singh Ramala,M,RLD       
51,Krishanpal Malik Urf Krishanpal Malik,M,BJP       
52,Yogesh Dhama,M,BJP       
53,Nandkishor,M,BJP       
54,Ajit Pal Tyagi,M,BJP       
55,Sunil Kumar Sharma,M,BJP       
56,Atul Garg,M,BJP       
57,Dr. Manju Shiwach,F,BJP       
58,Aaaslam Choudhary,M,BSP       
59,Vijay Pal (Aadhti),M,BJP       
60,Kamal Singh Malik,M,BJP       
61,Pankaj Singh,M,BJP       
62,Tejpal Singh Nagar,M,BJP       
63,Dhirendra Singh,M,BJP       
64,Bimla Singh Solanki,F,BJP       
65,Virendra Singh Sirohi,M,BJP       
66,Devendra,M,BJP       
67,Sanjay,M,BJP       
68,Dr. Anita Lodhi Rajput,F,BJP       
69,Anil Kumar,M,BJP       
70,Vijendra Singh,M,BJP       
71,Anoop,M,BJP       
72,Shri Dalveer Singh,M,BJP       
73,Sandeep Kumar Singh,M,BJP       
74,Ravendra Pal Singh,M,BJP       
75,Anil Parashar,M,BJP       
76,Sanjeev Raja,M,BJP       
77,Rajveer Diler,M,BJP       
78,Hari Shankar Mahor,M,BJP       
79,Ramveer Upadhyay,M,BSP       
80,Birendra Singh Rana,M,BJP       
81,Laxmi Narayan,M,BJP       
82,Shyam Sunder Sharma,M,BSP       
83,Karinda Singh,M,BJP       
84,Shrikant Sharma,M,BJP       
85,Pooran Prakash,M,BJP       
86,Ram Pratap Singh,M,BJP       
87,Dr. Girraj Singh Dharmesh,M,BJP       
88,Yogendra Upadhyaya,M,BJP       
89,Jagan Prasad Garg,M,BJP       
90,Hemlata Diwakar,F,BJP       
91,Chau. Udaybhan Singh,M,BJP       
92,Mahesh Kumar Goyal,M,BJP       
93,Jitendra Verma,M,BJP       
94,Rani Pakshalika Singh,F,BJP       
95,Satya Pal Singh Baghel,M,BJP       
96,Ramgopal Pappu Lodhi,M,BJP       
97,Manish Asija,M,BJP       
98,Mukesh Verma,M,BJP       
99,Hariom Yadav,M,SP        
100,Devendra Singh Rajput,M,BJP       
101,Devendra Pratap,M,BJP       
102,Mamtesh,M,BJP       
103,Satyapal Singh Rathaur,M,BJP       
104,Vipin Kumar David,M,BJP       
105,Virendra,M,BJP       
106,Sanjeev Kumar Diwakar,M,BJP       
107,Rajkumar Alias Raju Yadav,M,SP        
108,Ram Naresh Agnihotri,M,BJP       
109,Brajesh Kumar,M,SP        
110,Sobaran Singh Yadav,M,SP        
111,Ajeet Kumar Urf Raju Yadav,M,BJP       
112,Kushagra Sagar,M,BJP       
113,Omkar Singh,M,SP        
114,Pt. Radha Krishan Sharma,M,BJP       
115,Mahesh Chandra Gupta,M,BJP       
116,Dharmendra Kumar Singh Shakya,M,BJP       
117,Rajeev Kumar Singh Urf Babbu Bhaiya,M,BJP       
118,Chhatra Pal Singh,M,BJP       
119,Dr. D.C. Verma,M,BJP       
120,Bahoran Lal Maurya,M,BJP       
121,Kesar Singh,M,BJP       
122,Dr. Shyam Bihari Lal,M,BJP       
123,Rajesh Kumar Mishra,M,BJP       
124,Dr. Arun Kumar,M,BJP       
125,Rajesh Agarwal,M,BJP       
126,Dharm Pal Singh,M,BJP       
127,Sanjay Singh Gangwar,M,BJP       
128,Kishan Lal Rajpoot,M,BJP       
129,Babu Ram Paswan,M,BJP       
130,Agyash Ram Saran Verma,M,BJP       
131,Veer Vikram Singh Prince,M,BJP       
132,Sharadvir Singh,M,SP        
133,Roshan Lal Verma,M,BJP       
134,Chetram,M,BJP       
135,Suresh Kumar Khanna,M,BJP       
136,Manvendra Singh,M,BJP       
137,Harvinder Kumar Sahani,M,BJP       
138,Patel Ramkumar Verma,M,BJP       
139,Arvind Giri,M,BJP       
140,Manju Tyagi,F,BJP       
141,Awasthi Bala Prasad,M,BJP       
142,Yogesh Verma,M,BJP       
143,Saurabh Singh,M,BJP       
144,Lokendra Pratap Singh,M,BJP       
145,Shashank Trivedi,M,BJP       
146,Rakesh Rathore,M,BJP       
147,Suresh Rahi,M,BJP       
148,Suneel Verma,M,BJP       
149,Mahendra Singh,M,BJP       
150,Gyan Tiwari,M,BJP       
151,Narendra Singh Verma,M,SP        
152,Hargovind Bhargava,M,BSP       
153,Ram Krishna Bhargava,M,BJP       
154,Kunvar Madhvendra Pratap,M,BJP       
155,Rajani Tiwari,F,BJP       
156,Nitin Agarwal,M,SP        
157,Shyam Prakash,M,BJP       
158,Prabhash Kumar,M,BJP       
159,Ashish Kumar Singh Ashu,M,BJP       
160,Ram Pal Verma,M,BJP       
161,Raj Kumar Agrawal Urf Rajia,M,BJP       
162,Kuldeep Singh Sengar,M,BJP       
163,Bamba Lal,M,BJP       
164,Brijesh Kumar,M,BJP       
165,Pankaj Gupta,M,BJP       
166,Hriday Narayan Dikshit,M,BJP       
167,Anil Singh,M,BSP       
168,Jai Devi,F,BJP       
169,Avinash Trivedi,M,BJP       
170,Swati Singh,F,BJP       
171,Suresh Kumar Shrivastav,M,BJP       
172,Dr.Neeraj Bora,M,BJP       
174,Brijesh Pathak,M,BJP       
175,Dr. Reeta Joshi,F,BJP       
176,Ambrish Singh Pushkar,M,SP        
177,Ram Naresh Rawat,M,BJP       
178,Mayankeshwar Sharan Singh,M,BJP       
179,Rakesh Singh,M,INC       
180,Aditi Singh,F,INC       
181,Dal Bahadur,M,BJP       
182,Dhirendra Bahadur Singh,M,BJP       
183,Manoj Kumar Pandey,M,SP        
184,Suresh Kumar,M,BJP       
185,Rakesh Pratap Singh,M,SP        
186,Garima Singh,F,BJP       
187,Abrar Ahmad,M,SP        
188,Surya Bhan Singh,M,BJP       
189,Sitaram,M,BJP       
190,Deomani Dwivedi,M,BJP       
191,Rajesh Gautam,M,BJP       
192,Amar Singh,M,BJP       
193,Sushil Kumar Shakya,M,BJP       
194,Mejor Sunil Dutt Dwivedi,M,BJP       
195,Nagendra Singh Rathore,M,BJP       
196,Archana Pandey,F,BJP       
197,Kailash Singh Rajput,M,BJP       
198,Anil Kumar Dohare,M,SP        
199,Shivpal Singh Yadav,M,SP        
200,Sarita Bhadauriya,F,BJP       
201,Savitri Katheria,F,BJP       
202,Vinay Shakya,M,BJP       
203,Lakhan Singh,M,BJP       
204,Ramesh Chandra,M,BJP       
205,Nirmala Sankhwar,F,BJP       
206,Pratibha Shukla,F,BJP       
207,Mathura Prasad Pal,M,BJP       
208,Vinod Kumar Katiyar,M,BJP       
209,Bhagwati Prasad Sagar,M,BJP       
210,Abhijeet Singh Sanga,M,BJP       
211,Nilima Katiyar,F,BJP       
212,Satya Dev Pachauri,M,BJP       
213,Hazi Irfan Solanki,M,SP        
214,Amitabh Bajpai,M,SP        
215,Mahesh Chandra,M,BJP       
216,Sohil Akhtar Ansari,M,INC       
217,Satish Mahana,M,BJP       
218,Kamal Rani,F,BJP       
219,Moolchandra Singh,M,BJP       
220,Ku. Narendra Pal Singh,M,BJP       
221,Gauri Shankar,M,BJP       
222,Rajeev Singh &Quot;Parichha&Quot;,M,BJP       
223,Ravi Sharma,M,BJP       
224,Biharilal Arya,M,BJP       
225,Jawahar Lal Rajpoot,M,BJP       
226,Ramratan Kushwaha,M,BJP       
227,Manohar Lal,M,BJP       
228,Ashok Kumar Singh Chandel,M,BJP       
229,Manisha Anuragi,F,BJP       
230,Rakesh Kumar Goswami,M,BJP       
231,Brijbhushan Rajpoot Alias Guddu Bhaiya,M,BJP       
232,Brajesh Kumar Prajapati,M,BJP       
233,Chandrapal Kushwaha,M,BJP       
234,Raj Karan Kabir,M,BJP       
235,Prakash Dwivedi,M,BJP       
236,Chandrika Prasad Upadhyay,M,BJP       
237,R.K. Singh Patel,M,BJP       
238,Jai Kumar Singh Jaiki,M,ADAL      
239,Karan Singh Patel,M,BJP       
240,Vikram Singh,M,BJP       
241,Vikas Gupta,M,BJP       
242,Ranvendra Pratap Singh Urf Dhunni Bhaiya,M,BJP       
243,Krishna Paswan,F,BJP       
244,Aradhana Mishra Mona,F,INC       
245,Vinod Kumar,M,IND       
246,Raghuraj Pratap Singh,M,IND       
247,Rakesh Kumar Verma Alias Dr.R.K.Verma,M,ADAL      
248,Sangam Lal Gupta,M,ADAL      
249,Rajendra Pratap Singh Alias Moti,M,BJP       
250,Abhay Kumar Alias Dhiraj Ojha,M,BJP       
251,Sheetla Prasad,M,BJP       
252,Lal Bahadur,M,BJP       
253,Sanjay Kumar,M,BJP       
254,Vikramajeet Maurya,M,BJP       
255,Dr.Jamuna Prasad Saroj,M,ADAL      
259,Neelam Karwariya,F,BJP       
260,Ujjwal Raman Singh,M,SP        
261,Sidharth Nath Singh,M,BJP       
262,Harshvardhan Bajpai,M,BJP       
263,Nand Gopal Gupta Nandi,M,BJP       
264,Dr. Ajai Kumar,M,BJP       
265,Rajmani Kol,M,BJP       
266,Sakendra Pratap Verma,M,BJP       
267,Sharad Kumar Awasthi,M,BJP       
268,Dharmraj Singh Yadav Urf Suresh Yadav,M,SP        
269,Upendra Singh,M,BJP       
270,Satish Chandra Sharma,M,BJP       
271,Ram Chandra Yadav,M,BJP       
272,Baijnath Rawat,M,BJP       
273,Baba Gorakhnath,M,BJP       
274,Shobha Singh Chauhan,F,BJP       
275,Ved Prakash Gupta,M,BJP       
276,Indra Pratap Alias Khabbu Tiwari,M,BJP       
277,Lal Ji Verma,M,BSP       
278,Sanju Devi,F,BJP       
279,Aneeta,F,BJP       
280,Ritesh Pandey,M,BSP       
281,Ram Achal Rajbhar,M,BSP       
282,Akshayvaralal,M,BJP       
283,Madhuri Verma,F,BJP       
284,Yasar Shah,M,SP        
285,Sureshwar Singh,M,BJP       
286,Anupma Jaiswal,F,BJP       
287,Subhash Tripathi,M,BJP       
288,Mukut Bihari,M,BJP       
289,Mohammad Aslam,M,BSP       
290,Ram Feran,M,BJP       
291,Kailash Nath Shukla,M,BJP       
292,Shailesh Kumar Singh,M,BJP       
293,Ram Pratap Alias Shashikant Verma,M,BJP       
294,Palturam,M,BJP       
295,Vinay Kumar,M,BJP       
296,Prateek Bhushan Singh,M,BJP       
297,Bawan Singh,M,BJP       
298,Ajay Pratap Singh,M,BJP       
299,Prem Narayan Pandey,M,BJP       
300,Ramapati  Shastri,M,BJP       
301,Prabhat Kumar Verma,M,BJP       
302,Amar Singh Chaudhary,M,ADAL      
303,Shyam Dhani,M,BJP       
304,Jai Pratap Singh,M,BJP       
305,Dr. Satish Chandra Dwivedi,M,BJP       
306,Raghvendra Pratap Singh,M,BJP       
307,Ajay Kumar Singh &#39;&#39;Ajay Singh&#39;&#39;,M,BJP       
308,Chandra Prakash Alias Ca Chandra Prakash Shukl,M,BJP       
309,Sanjay Pratap Jaiswal,M,BJP       
310,Dayaram Chaudhary,M,BJP       
311,Ravi Kumar Sonkar,M,BJP       
312,Rakesh Singh Baghel,M,BJP       
313,Digvijay Narayan Alis Jay Chaubey,M,BJP       
314,Shri Ram Chauhan,M,BJP       
315,Bajrang Bahadur Singh,M,BJP       
316,Aman Mani Tripathi,M,IND       
317,Premsagar Patel,M,BJP       
318,Jaimangal,M,BJP       
319,Gyanendra,M,BJP       
320,Fateh Bahadur,M,BJP       
321,Mahendra Pal Singh,M,BJP       
322,Dr. Radha Mohan Das Agrawal,M,BJP       
323,Bipin Singh,M,BJP       
324,Sheetal Pandey,M,BJP       
325,Sant Prasad,M,BJP       
326,Sangeeta Yadav,F,BJP       
327,Vimlesh Paswan,M,BJP       
328,Vinay Shankar Tiwari,M,BSP       
329,Jatashanker Tripathi,M,BJP       
330,Swami Prasad Maurya,M,BJP       
331,Ajay Kumar Lallu,M,INC       
332,Ganga,M,BJP       
333,Rajnikant Mani Tripathi,M,BJP       
334,Pawan Kumar,M,BJP       
335,Ramanand Baudh,M,SBSP      
336,Jai Prakash Nishad,M,BJP       
337,Janmejai Singh,M,BJP       
338,Surya Pratap Shahi,M,BJP       
339,Kamlesh Shukla,M,BJP       
340,Ashutosh,M,SP        
341,Kali Prasad,M,BJP       
342,Suresh Tiwari,M,BJP       
343,Dr.Sangram Yadav,M,SP        
344,Nafees Ahmad,M,SP        
345,Bandana Singh,F,BSP       
346,Shah Alam Urf Guddu Jamali,M,BSP       
347,Durga Prasad,M,SP        
348,Alambadi,M,SP        
349,Arun Kumar Yadav,M,BJP       
350,Sukhdev Rajbhar,M,BSP       
351,Azad Ari Mardan,M,BSP       
352,Kalpnath Paswan,M,SP        
353,Dara Singh Chauhan,M,BJP       
354,Fagu Chauhan,M,BJP       
355,Shriram Sonkar,M,BJP       
356,Mukhtar Anshari,M,BSP       
357,Dhananjay Kannoujia,M,BJP       
358,Uma Shanker Singh,M,BSP       
359,Sanjay Yadav,M,BJP       
360,Upendra Tiwari,M,BJP       
361,Anand,M,BJP       
362,Ram Govind Chaudheri,M,SP        
363,Surendra,M,BJP       
364,Ramesh Chandra Mishra,M,BJP       
365,Shailendra Yadav Lalai,M,SP        
366,Girish Chandra Yadav,M,BJP       
367,Parasnath Yadav,M,SP        
368,Sushma Patel,F,BSP       
369,Jagdish Sonkar,M,SP        
370,Leena Tiwari,F,ADAL      
371,Dr Harendra Prasad Singh,M,BJP       
372,Dinesh Chaudhary,M,BJP       
373,Triveni Ram,M,SBSP      
374,Subhash Passi,M,SP        
375,Sangeeta,F,BJP       
376,Virendra Kumar Yadav,M,SP        
377,Om Prakash Rajbhar,M,SBSP      
378,Alka Rai,F,BJP       
379,Sunita,F,BJP       
380,Sadhana Singh,F,BJP       
381,Prabhunarayan Yadav,M,SP        
382,Sushil Singh,M,BJP       
383,Sharada Prasad,M,BJP       
384,Avadhesh Singh,M,BJP       
385,Kailash Nath Sonkar,M,SBSP      
386,Anil Rajbhar,M,BJP       
387,Surendra Narayan Singh,M,BJP       
388,Ravindra Jaiswal,M,BJP       
389,Dr. Neelkanth Tiwari,M,BJP       
390,Saurabh Srivastava,M,BJP       
391,Neel Ratan Singh Patel &Amp;Quot;Neelu&Amp;Quot;,M,ADAL      
392,Ravindra Nath Tripathi,M,BJP       
393,Vijay Mishra,M,NINSHAD   
395,Rahul Prakash,M,ADAL      
396,Ratnakar Mishr,M,BJP       
397,Shuchismita Maurya,F,BJP       
398,Anurag Singh,M,BJP       
399,Rama Shankar Singh,M,BJP       
400,Anil Kumar Maurya,M,BJP       
401,Bhupesh Chaubey,M,BJP       
402,Sanjiv Kumar,M,BJP       
403,Har Iram,M,ADAL      
