cand_id,candidate_name,ls_id,constituency,party,election_id,criminal_cases,serious_cases,total_assets_cr,liabilities_cr,education,pan_declared,source_url,scraped_date
LS2019_PC1_HAJI_FAZLUR_REHMAN,"HAJI FAZLUR REHMAN",UP-1,"Saharanpur",Bahujan Samaj Party,LS2019,,,,,,,,
LS2019_PC2_Pradeep_Kumar,"Pradeep Kumar",UP-2,"Kairana",Bharatiya Janata Party,LS2019,,,,,,,,
LS2019_PC3_Sanjeev_Kumar_Balyan,"Sanjeev Kumar Balyan",UP-3,"Muzaffarnagar",Bharatiya Janata Party,LS2019,,,,,,,,
LS2019_PC4_MALOOK_NAGAR,"MALOOK NAGAR",UP-4,"Bijnor",Bahujan Samaj Party,LS2019,,,,,,,,
LS2019_PC5_GIRISH_CHANDRA,"GIRISH CHANDRA",UP-5,"Nagina",Bahujan Samaj Party,LS2019,,,,,,,,
LS2019_PC6_Dr_S_T_HASAN,"Dr. S.T. HASAN",UP-6,"Moradabad",Samajwadi Party,LS2019,,,,,,,,
LS2019_PC7_Mohammad_Azam_Khan,"Mohammad Azam Khan",UP-7,"Rampur",Samajwadi Party,LS2019,,,,,,,,
LS2019_PC8_DR_SHAFIQUR_REHMAN_BARQ,"DR. SHAFIQUR REHMAN BARQ",UP-8,"Sambhal",Samajwadi Party,LS2019,,,,,,,,
LS2019_PC9_KUNWAR_DANISH_ALI,"KUNWAR DANISH ALI",UP-9,"Amroha",Bahujan Samaj Party,LS2019,,,,,,,,
LS2019_PC10_RAJENDRA_AGARWAL,"RAJENDRA AGARWAL",UP-10,"Meerut",Bharatiya Janata Party,LS2019,,,,,,,,
LS2019_PC11_Dr_SATYAPAL_SINGH,"Dr. SATYAPAL SINGH",UP-11,"Baghpat",Bharatiya Janata Party,LS2019,,,,,,,,
LS2019_PC12_Vijay_Kumar_Singh,"Vijay Kumar Singh",UP-12,"Ghaziabad",Bharatiya Janata Party,LS2019,,,,,,,,
LS2019_PC13_Dr_MAHESH_SHARMA,"Dr. MAHESH SHARMA",UP-13,"Gautam Buddha Nagar",Bharatiya Janata Party,LS2019,,,,,,,,
LS2019_PC14_BHOLA_SINGH,"BHOLA SINGH",UP-14,"Bulandshahr",Bharatiya Janata Party,LS2019,,,,,,,,
LS2019_PC15_SATISH_KUMAR_GAUTAM,"SATISH KUMAR GAUTAM",UP-15,"Aligarh",Bharatiya Janata Party,LS2019,,,,,,,,
LS2019_PC16_RAJVIR_DILER,"RAJVIR DILER",UP-16,"Hathras",Bharatiya Janata Party,LS2019,,,,,,,,
LS2019_PC17_HEMA_MALINI,"HEMA MALINI",UP-17,"Mathura",Bharatiya Janata Party,LS2019,,,,,,,,
LS2019_PC18_Satyapal_Singh_Baghel,"Satyapal Singh Baghel",UP-18,"Agra",Bharatiya Janata Party,LS2019,,,,,,,,
LS2019_PC19_RAJKUMAR_CHAHAR,"RAJKUMAR CHAHAR",UP-19,"Fatehpur Sikri",Bharatiya Janata Party,LS2019,,,,,,,,
LS2019_PC20_Dr_Chandra_Sen_Jadon,"Dr. Chandra Sen Jadon",UP-20,"Firozabad",Bharatiya Janata Party,LS2019,,,,,,,,
LS2019_PC21_MULAYAM_SINGH_YADAV,"MULAYAM SINGH YADAV",UP-21,"Mainpuri",Samajwadi Party,LS2019,,,,,,,,
LS2019_PC22_Rajveer_Singh_Raju_Bhaiya,"Rajveer Singh (Raju Bhaiya)",UP-22,"Etah",Bharatiya Janata Party,LS2019,,,,,,,,
LS2019_PC23_Dr_Sanghmitra_Maurya,"Dr. Sanghmitra Maurya",UP-23,"Badaun",Bharatiya Janata Party,LS2019,,,,,,,,
LS2019_PC24_DHARMENDRA_KASHYAP,"DHARMENDRA KASHYAP",UP-24,"Aonla",Bharatiya Janata Party,LS2019,,,,,,,,
LS2019_PC25_SANTOSH_KUMAR_GANGWAR,"SANTOSH KUMAR GANGWAR",UP-25,"Bareilly",Bharatiya Janata Party,LS2019,,,,,,,,
LS2019_PC26_Feroze_Varun_Gandhi,"Feroze Varun Gandhi",UP-26,"Pilibhit",Bharatiya Janata Party,LS2019,,,,,,,,
LS2019_PC27_Arun_Kumar_Sagar,"Arun Kumar Sagar",UP-27,"Shahjahanpur",Bharatiya Janata Party,LS2019,,,,,,,,
LS2019_PC28_Ajay_Kumar,"Ajay Kumar",UP-28,"Kheri",Bharatiya Janata Party,LS2019,,,,,,,,
LS2019_PC29_REKHA_VERMA,"REKHA VERMA",UP-29,"Dhaurahra",Bharatiya Janata Party,LS2019,,,,,,,,
LS2019_PC30_Rajesh_Verma,"Rajesh Verma",UP-30,"Sitapur",Bharatiya Janata Party,LS2019,,,,,,,,
LS2019_PC31_Jai_Prakash,"Jai Prakash",UP-31,"Hardoi",Bharatiya Janata Party,LS2019,,,,,,,,
LS2019_PC32_Ashok_Kumar_Rawat,"Ashok Kumar Rawat",UP-32,"Misrikh",Bharatiya Janata Party,LS2019,,,,,,,,
LS2019_PC33_Swami_Sakshi_Ji_Maharaj,"Swami Sakshi Ji Maharaj",UP-33,"Unnao",Bharatiya Janata Party,LS2019,,,,,,,,
LS2019_PC34_Kaushal_Kishore,"Kaushal Kishore",UP-34,"Mohanlalganj",Bharatiya Janata Party,LS2019,,,,,,,,
LS2019_PC35_Rajnath_Singh,"Rajnath Singh",UP-35,"Lucknow",Bharatiya Janata Party,LS2019,,,,,,,,
LS2019_PC36_SONIA_GANDHI,"SONIA GANDHI",UP-36,"Rae Bareli",Indian National Congress,LS2019,,,,,,,,
LS2019_PC37_Smriti_Irani,"Smriti Irani",UP-37,"Amethi",Bharatiya Janata Party,LS2019,,,,,,,,
LS2019_PC38_MANEKA_SANJAI_GANDHI,"MANEKA SANJAI GANDHI",UP-38,"Sultanpur",Bharatiya Janata Party,LS2019,,,,,,,,
LS2019_PC39_SANGAM_LAL_GUPTA,"SANGAM LAL GUPTA",UP-39,"Pratapgarh",Bharatiya Janata Party,LS2019,,,,,,,,
LS2019_PC40_Mukesh_Rajput,"Mukesh Rajput",UP-40,"Farrukhabad",Bharatiya Janata Party,LS2019,,,,,,,,
LS2019_PC41_Dr_RAM_SHANKAR_KATHERIA,"Dr RAM SHANKAR KATHERIA",UP-41,"Etawah",Bharatiya Janata Party,LS2019,,,,,,,,
LS2019_PC42_SUBRAT_PATHAK,"SUBRAT PATHAK",UP-42,"Kannauj",Bharatiya Janata Party,LS2019,,,,,,,,
LS2019_PC43_Satyadev_Pachauri,"Satyadev Pachauri",UP-43,"Kanpur",Bharatiya Janata Party,LS2019,,,,,,,,
LS2019_PC44_Devendra_Singh_Bhole,"Devendra Singh 'Bhole'",UP-44,"Akbarpur",Bharatiya Janata Party,LS2019,,,,,,,,
LS2019_PC45_BHANU_PRATAP_SINGH_VERMA,"BHANU PRATAP SINGH VERMA",UP-45,"Jalaun",Bharatiya Janata Party,LS2019,,,,,,,,
LS2019_PC46_Anurag_Sharma,"Anurag Sharma",UP-46,"Jhansi",Bharatiya Janata Party,LS2019,,,,,,,,
LS2019_PC47_KUNWAR_PUSHPENDRA_SINGH_CHANDEL,"KUNWAR PUSHPENDRA SINGH CHANDEL",UP-47,"Hamirpur",Bharatiya Janata Party,LS2019,,,,,,,,
LS2019_PC48_R_K_SINGH_PATEL,"R.K. SINGH PATEL",UP-48,"Banda",Bharatiya Janata Party,LS2019,,,,,,,,
LS2019_PC49_NIRANJAN_JYOTI,"NIRANJAN JYOTI",UP-49,"Fatehpur",Bharatiya Janata Party,LS2019,,,,,,,,
LS2019_PC50_VINOD_KUMAR_SONKAR,"VINOD KUMAR SONKAR",UP-50,"Kaushambi",Bharatiya Janata Party,LS2019,,,,,,,,
LS2019_PC51_Keshari_Devi_Patel,"Keshari Devi Patel",UP-51,"Phulpur",Bharatiya Janata Party,LS2019,,,,,,,,
LS2019_PC52_Rita_Bahuguna_Joshi,"Rita Bahuguna Joshi",UP-52,"Allahabad",Bharatiya Janata Party,LS2019,,,,,,,,
LS2019_PC53_Upendra_Singh_Rawat,"Upendra Singh Rawat",UP-53,"Barabanki",Bharatiya Janata Party,LS2019,,,,,,,,
LS2019_PC54_LALLU_SINGH,"LALLU SINGH",UP-54,"Faizabad",Bharatiya Janata Party,LS2019,,,,,,,,
LS2019_PC55_Ritesh_Pandey,"Ritesh Pandey",UP-55,"Ambedkar Nagar",Bahujan Samaj Party,LS2019,,,,,,,,
LS2019_PC56_AKSHAIBAR_LAL,"AKSHAIBAR LAL",UP-56,"Bahraich",Bharatiya Janata Party,LS2019,,,,,,,,
LS2019_PC57_Brijbhusan_Sharan_Singh,"Brijbhusan Sharan Singh",UP-57,"Kaiserganj",Bharatiya Janata Party,LS2019,,,,,,,,
LS2019_PC58_RAM_SHIROMANI,"RAM SHIROMANI",UP-58,"Shrawasti",Bahujan Samaj Party,LS2019,,,,,,,,
LS2019_PC59_KIRTI_VARDHAN_SINGH_ALIAS_RAJA_BHAIYA,"KIRTI VARDHAN SINGH ALIAS RAJA BHAIYA",UP-59,"Gonda",Bharatiya Janata Party,LS2019,,,,,,,,
LS2019_PC60_JAGDAMBIKA_PAL,"JAGDAMBIKA PAL",UP-60,"Domariyaganj",Bharatiya Janata Party,LS2019,,,,,,,,
LS2019_PC61_HARISH_CHANDRA_ALIAS_HARISH_DWIVEDI,"HARISH CHANDRA ALIAS HARISH DWIVEDI",UP-61,"Basti",Bharatiya Janata Party,LS2019,,,,,,,,
LS2019_PC62_PRAVEEN_KUMAR_NISHAD,"PRAVEEN KUMAR NISHAD",UP-62,"Sant Kabir Nagar",Bharatiya Janata Party,LS2019,,,,,,,,
LS2019_PC63_PANKAJ_CHOUDHARY,"PANKAJ CHOUDHARY",UP-63,"Maharajganj",Bharatiya Janata Party,LS2019,,,,,,,,
LS2019_PC64_Ravindra_Shyamnarayan_Shukla_alias_Ravi_Kishan,"Ravindra Shyamnarayan Shukla alias Ravi Kishan",UP-64,"Gorakhpur",Bharatiya Janata Party,LS2019,,,,,,,,
LS2019_PC65_VIJAY_KUMAR_DUBEY,"VIJAY KUMAR DUBEY",UP-65,"Kushi Nagar",Bharatiya Janata Party,LS2019,,,,,,,,
LS2019_PC66_RAMAPATI_RAM_TRIPATHI,"RAMAPATI RAM TRIPATHI",UP-66,"Deoria",Bharatiya Janata Party,LS2019,,,,,,,,
LS2019_PC67_Kamlesh_Paswan,"Kamlesh Paswan",UP-67,"Bansgaon",Bharatiya Janata Party,LS2019,,,,,,,,
LS2019_PC68_Sangeeta_Azad,"Sangeeta Azad",UP-68,"Lalganj",Bahujan Samaj Party,LS2019,,,,,,,,
LS2019_PC69_Akhilesh_Yadav,"Akhilesh Yadav",UP-69,"Azamgarh",Samajwadi Party,LS2019,,,,,,,,
LS2019_PC70_ATUL_KUMAR_SINGH,"ATUL KUMAR SINGH",UP-70,"Ghosi",Bahujan Samaj Party,LS2019,,,,,,,,
LS2019_PC71_RAVINDER,"RAVINDER",UP-71,"Salempur",Bharatiya Janata Party,LS2019,,,,,,,,
LS2019_PC72_Virendra_Singh,"Virendra Singh",UP-72,"Ballia",Bharatiya Janata Party,LS2019,,,,,,,,
LS2019_PC73_SHYAM_SINGH_YADAV,"SHYAM SINGH YADAV",UP-73,"Jaunpur",Bahujan Samaj Party,LS2019,,,,,,,,
LS2019_PC74_Bholanath_B_P_Saroj,"Bholanath (B.P. Saroj)",UP-74,"Machhlishahr",Bharatiya Janata Party,LS2019,,,,,,,,
LS2019_PC75_AFZAL_ANSARI,"AFZAL ANSARI",UP-75,"Ghazipur",Bahujan Samaj Party,LS2019,,,,,,,,
LS2019_PC76_Dr_Mahendra_Nath_Pandey,"Dr. Mahendra Nath Pandey",UP-76,"Chandauli",Bharatiya Janata Party,LS2019,,,,,,,,
LS2019_PC77_NARENDRA_MODI,"NARENDRA MODI",UP-77,"Varanasi",Bharatiya Janata Party,LS2019,,,,,,,,
LS2019_PC78_RAMESH_CHAND,"RAMESH CHAND",UP-78,"Bhadohi",Bharatiya Janata Party,LS2019,,,,,,,,
LS2019_PC79_Anupriya_Singh_Patel,"Anupriya Singh Patel",UP-79,"Mirzapur",Apna Dal (Soneylal),LS2019,,,,,,,,
LS2019_PC80_PAKAURI_LAL_KOL,"PAKAURI LAL KOL",UP-80,"Robertsganj",Apna Dal (Soneylal),LS2019,,,,,,,,